Organization Name,Contact Email,Profile URL,Outreach Message Body
"Renaissance Yearbook",yearbook@rhodysenate.org,https://urinvolved.uri.edu/organization/yearbook,"
Subject: Proper Member Management & Campus-Wide Visibility for Renaissance Yearbook

Hi there,

We're students here at URI and we've built **Bonded**, a campus-exclusive network designed specifically for student organizations like Renaissance Yearbook.

We noticed that managing members and getting the word out about events across campus can be a challenge. With Bonded, you can:
- **Properly manage your members** in one dedicated space.
- **Sync your calendar and setup events** that are visible to the entire school in one centralized place.
- **Increase engagement** with students who are actually looking for organizations like yours.

We'd love to set up a quick meeting to show you how Renaissance Yearbook can benefit from being on Bonded.

Best,
The Bonded Team (URI Students)
https://getbonded.app (Example Link)
"
"Rhody Outpost",barbara_sweeney@uri.edu,https://urinvolved.uri.edu/organization/rhodyoutpost,"
Subject: Proper Member Management & Campus-Wide Visibility for Rhody Outpost

Hi there,

We're students here at URI and we've built **Bonded**, a campus-exclusive network designed specifically for student organizations like Rhody Outpost.

We noticed that managing members and getting the word out about events across campus can be a challenge. With Bonded, you can:
- **Properly manage your members** in one dedicated space.
- **Sync your calendar and setup events** that are visible to the entire school in one centralized place.
- **Increase engagement** with students who are actually looking for organizations like yours.

We'd love to set up a quick meeting to show you how Rhody Outpost can benefit from being on Bonded.

Best,
The Bonded Team (URI Students)
https://getbonded.app (Example Link)
"
"University of Rhode Island's Eating Concerns Advisory",eca@rhodysenate.org,https://urinvolved.uri.edu/organization/ureca,"
Subject: Proper Member Management & Campus-Wide Visibility for University of Rhode Island's Eating Concerns Advisory

Hi there,

We're students here at URI and we've built **Bonded**, a campus-exclusive network designed specifically for student organizations like University of Rhode Island's Eating Concerns Advisory.

We noticed that managing members and getting the word out about events across campus can be a challenge. With Bonded, you can:
- **Properly manage your members** in one dedicated space.
- **Sync your calendar and setup events** that are visible to the entire school in one centralized place.
- **Increase engagement** with students who are actually looking for organizations like yours.

We'd love to set up a quick meeting to show you how University of Rhode Island's Eating Concerns Advisory can benefit from being on Bonded.

Best,
The Bonded Team (URI Students)
https://getbonded.app (Example Link)
"
"College Republicans",collegerepublicans@rhodysenate.org,https://urinvolved.uri.edu/organization/republicans,"
Subject: Proper Member Management & Campus-Wide Visibility for College Republicans

Hi there,

We're students here at URI and we've built **Bonded**, a campus-exclusive network designed specifically for student organizations like College Republicans.

We noticed that managing members and getting the word out about events across campus can be a challenge. With Bonded, you can:
- **Properly manage your members** in one dedicated space.
- **Sync your calendar and setup events** that are visible to the entire school in one centralized place.
- **Increase engagement** with students who are actually looking for organizations like yours.

We'd love to set up a quick meeting to show you how College Republicans can benefit from being on Bonded.

Best,
The Bonded Team (URI Students)
https://getbonded.app (Example Link)
"
"URI Roller Hockey",rollerhocke@rhodysenate.org,https://urinvolved.uri.edu/organization/rollerhockey,"
Subject: Proper Member Management & Campus-Wide Visibility for URI Roller Hockey

Hi there,

We're students here at URI and we've built **Bonded**, a campus-exclusive network designed specifically for student organizations like URI Roller Hockey.

We noticed that managing members and getting the word out about events across campus can be a challenge. With Bonded, you can:
- **Properly manage your members** in one dedicated space.
- **Sync your calendar and setup events** that are visible to the entire school in one centralized place.
- **Increase engagement** with students who are actually looking for organizations like yours.

We'd love to set up a quick meeting to show you how URI Roller Hockey can benefit from being on Bonded.

Best,
The Bonded Team (URI Students)
https://getbonded.app (Example Link)
"
"CELS Peer Mentors",smarstjepovic@uri.edu,https://urinvolved.uri.edu/organization/cels-peer-mentors,"
Subject: Proper Member Management & Campus-Wide Visibility for CELS Peer Mentors

Hi there,

We're students here at URI and we've built **Bonded**, a campus-exclusive network designed specifically for student organizations like CELS Peer Mentors.

We noticed that managing members and getting the word out about events across campus can be a challenge. With Bonded, you can:
- **Properly manage your members** in one dedicated space.
- **Sync your calendar and setup events** that are visible to the entire school in one centralized place.
- **Increase engagement** with students who are actually looking for organizations like yours.

We'd love to set up a quick meeting to show you how CELS Peer Mentors can benefit from being on Bonded.

Best,
The Bonded Team (URI Students)
https://getbonded.app (Example Link)
"
"National Association of Black Accountants",naba.uri@gmail.com,https://urinvolved.uri.edu/organization/naba,"
Subject: Proper Member Management & Campus-Wide Visibility for National Association of Black Accountants

Hi there,

We're students here at URI and we've built **Bonded**, a campus-exclusive network designed specifically for student organizations like National Association of Black Accountants.

We noticed that managing members and getting the word out about events across campus can be a challenge. With Bonded, you can:
- **Properly manage your members** in one dedicated space.
- **Sync your calendar and setup events** that are visible to the entire school in one centralized place.
- **Increase engagement** with students who are actually looking for organizations like yours.

We'd love to set up a quick meeting to show you how National Association of Black Accountants can benefit from being on Bonded.

Best,
The Bonded Team (URI Students)
https://getbonded.app (Example Link)
"
"Multicultural Unity and Student Involvement Council (URI STUDENT SENATE)",urimusic@rhodysenate.org,https://urinvolved.uri.edu/organization/music,"
Subject: Proper Member Management & Campus-Wide Visibility for Multicultural Unity and Student Involvement Council (URI STUDENT SENATE)

Hi there,

We're students here at URI and we've built **Bonded**, a campus-exclusive network designed specifically for student organizations like Multicultural Unity and Student Involvement Council (URI STUDENT SENATE).

We noticed that managing members and getting the word out about events across campus can be a challenge. With Bonded, you can:
- **Properly manage your members** in one dedicated space.
- **Sync your calendar and setup events** that are visible to the entire school in one centralized place.
- **Increase engagement** with students who are actually looking for organizations like yours.

We'd love to set up a quick meeting to show you how Multicultural Unity and Student Involvement Council (URI STUDENT SENATE) can benefit from being on Bonded.

Best,
The Bonded Team (URI Students)
https://getbonded.app (Example Link)
"
"Fashion Merchandising Society (URI STUDENT SENATE)",fms@rhodysenate.org,https://urinvolved.uri.edu/organization/fms,"
Subject: Proper Member Management & Campus-Wide Visibility for Fashion Merchandising Society (URI STUDENT SENATE)

Hi there,

We're students here at URI and we've built **Bonded**, a campus-exclusive network designed specifically for student organizations like Fashion Merchandising Society (URI STUDENT SENATE).

We noticed that managing members and getting the word out about events across campus can be a challenge. With Bonded, you can:
- **Properly manage your members** in one dedicated space.
- **Sync your calendar and setup events** that are visible to the entire school in one centralized place.
- **Increase engagement** with students who are actually looking for organizations like yours.

We'd love to set up a quick meeting to show you how Fashion Merchandising Society (URI STUDENT SENATE) can benefit from being on Bonded.

Best,
The Bonded Team (URI Students)
https://getbonded.app (Example Link)
"
"Rhody Flicks (URI STUDENT SENATE)",Ryan_pelillo@uri.edu,https://urinvolved.uri.edu/organization/rhodyflicks,"
Subject: Proper Member Management & Campus-Wide Visibility for Rhody Flicks (URI STUDENT SENATE)

Hi there,

We're students here at URI and we've built **Bonded**, a campus-exclusive network designed specifically for student organizations like Rhody Flicks (URI STUDENT SENATE).

We noticed that managing members and getting the word out about events across campus can be a challenge. With Bonded, you can:
- **Properly manage your members** in one dedicated space.
- **Sync your calendar and setup events** that are visible to the entire school in one centralized place.
- **Increase engagement** with students who are actually looking for organizations like yours.

We'd love to set up a quick meeting to show you how Rhody Flicks (URI STUDENT SENATE) can benefit from being on Bonded.

Best,
The Bonded Team (URI Students)
https://getbonded.app (Example Link)
"
"Ram Hacks (URI STUDENT SENATE)",ramhacks@rhodysenate.org,https://urinvolved.uri.edu/organization/ramhacks,"
Subject: Proper Member Management & Campus-Wide Visibility for Ram Hacks (URI STUDENT SENATE)

Hi there,

We're students here at URI and we've built **Bonded**, a campus-exclusive network designed specifically for student organizations like Ram Hacks (URI STUDENT SENATE).

We noticed that managing members and getting the word out about events across campus can be a challenge. With Bonded, you can:
- **Properly manage your members** in one dedicated space.
- **Sync your calendar and setup events** that are visible to the entire school in one centralized place.
- **Increase engagement** with students who are actually looking for organizations like yours.

We'd love to set up a quick meeting to show you how Ram Hacks (URI STUDENT SENATE) can benefit from being on Bonded.

Best,
The Bonded Team (URI Students)
https://getbonded.app (Example Link)
"
"Student Entertainment Committee (URI STUDENT SENATE)",urisec@rhodysenate.org,https://urinvolved.uri.edu/organization/sec,"
Subject: Proper Member Management & Campus-Wide Visibility for Student Entertainment Committee (URI STUDENT SENATE)

Hi there,

We're students here at URI and we've built **Bonded**, a campus-exclusive network designed specifically for student organizations like Student Entertainment Committee (URI STUDENT SENATE).

We noticed that managing members and getting the word out about events across campus can be a challenge. With Bonded, you can:
- **Properly manage your members** in one dedicated space.
- **Sync your calendar and setup events** that are visible to the entire school in one centralized place.
- **Increase engagement** with students who are actually looking for organizations like yours.

We'd love to set up a quick meeting to show you how Student Entertainment Committee (URI STUDENT SENATE) can benefit from being on Bonded.

Best,
The Bonded Team (URI Students)
https://getbonded.app (Example Link)
"
"URI Student Speech Language Hearing Association (URI STUDENT SENATE)",urisslha@rhodysenate.org,https://urinvolved.uri.edu/organization/urissllha,"
Subject: Proper Member Management & Campus-Wide Visibility for URI Student Speech Language Hearing Association (URI STUDENT SENATE)

Hi there,

We're students here at URI and we've built **Bonded**, a campus-exclusive network designed specifically for student organizations like URI Student Speech Language Hearing Association (URI STUDENT SENATE).

We noticed that managing members and getting the word out about events across campus can be a challenge. With Bonded, you can:
- **Properly manage your members** in one dedicated space.
- **Sync your calendar and setup events** that are visible to the entire school in one centralized place.
- **Increase engagement** with students who are actually looking for organizations like yours.

We'd love to set up a quick meeting to show you how URI Student Speech Language Hearing Association (URI STUDENT SENATE) can benefit from being on Bonded.

Best,
The Bonded Team (URI Students)
https://getbonded.app (Example Link)
"
"American Institute of Chemical Engineers",aiche.uri@gmail.com,https://urinvolved.uri.edu/organization/aiche,"
Subject: Proper Member Management & Campus-Wide Visibility for American Institute of Chemical Engineers

Hi there,

We're students here at URI and we've built **Bonded**, a campus-exclusive network designed specifically for student organizations like American Institute of Chemical Engineers.

We noticed that managing members and getting the word out about events across campus can be a challenge. With Bonded, you can:
- **Properly manage your members** in one dedicated space.
- **Sync your calendar and setup events** that are visible to the entire school in one centralized place.
- **Increase engagement** with students who are actually looking for organizations like yours.

We'd love to set up a quick meeting to show you how American Institute of Chemical Engineers can benefit from being on Bonded.

Best,
The Bonded Team (URI Students)
https://getbonded.app (Example Link)
"
"URI Debate Union",debateunion@rhodysenate.org,https://urinvolved.uri.edu/organization/debateunion,"
Subject: Proper Member Management & Campus-Wide Visibility for URI Debate Union

Hi there,

We're students here at URI and we've built **Bonded**, a campus-exclusive network designed specifically for student organizations like URI Debate Union.

We noticed that managing members and getting the word out about events across campus can be a challenge. With Bonded, you can:
- **Properly manage your members** in one dedicated space.
- **Sync your calendar and setup events** that are visible to the entire school in one centralized place.
- **Increase engagement** with students who are actually looking for organizations like yours.

We'd love to set up a quick meeting to show you how URI Debate Union can benefit from being on Bonded.

Best,
The Bonded Team (URI Students)
https://getbonded.app (Example Link)
"
"Roller Hockey",studentsenate@etal.uri.edu,https://urinvolved.uri.edu/organization/roller-hockey,"
Subject: Proper Member Management & Campus-Wide Visibility for Roller Hockey

Hi there,

We're students here at URI and we've built **Bonded**, a campus-exclusive network designed specifically for student organizations like Roller Hockey.

We noticed that managing members and getting the word out about events across campus can be a challenge. With Bonded, you can:
- **Properly manage your members** in one dedicated space.
- **Sync your calendar and setup events** that are visible to the entire school in one centralized place.
- **Increase engagement** with students who are actually looking for organizations like yours.

We'd love to set up a quick meeting to show you how Roller Hockey can benefit from being on Bonded.

Best,
The Bonded Team (URI Students)
https://getbonded.app (Example Link)
"
"Disability, Access, and Inclusion",pramsdell@uri.edu,https://urinvolved.uri.edu/organization/dai,"
Subject: Proper Member Management & Campus-Wide Visibility for Disability, Access, and Inclusion

Hi there,

We're students here at URI and we've built **Bonded**, a campus-exclusive network designed specifically for student organizations like Disability, Access, and Inclusion.

We noticed that managing members and getting the word out about events across campus can be a challenge. With Bonded, you can:
- **Properly manage your members** in one dedicated space.
- **Sync your calendar and setup events** that are visible to the entire school in one centralized place.
- **Increase engagement** with students who are actually looking for organizations like yours.

We'd love to set up a quick meeting to show you how Disability, Access, and Inclusion can benefit from being on Bonded.

Best,
The Bonded Team (URI Students)
https://getbonded.app (Example Link)
"
"Residence Hall Association",jocelin.williams@uri.edu,https://urinvolved.uri.edu/organization/rha,"
Subject: Proper Member Management & Campus-Wide Visibility for Residence Hall Association

Hi there,

We're students here at URI and we've built **Bonded**, a campus-exclusive network designed specifically for student organizations like Residence Hall Association.

We noticed that managing members and getting the word out about events across campus can be a challenge. With Bonded, you can:
- **Properly manage your members** in one dedicated space.
- **Sync your calendar and setup events** that are visible to the entire school in one centralized place.
- **Increase engagement** with students who are actually looking for organizations like yours.

We'd love to set up a quick meeting to show you how Residence Hall Association can benefit from being on Bonded.

Best,
The Bonded Team (URI Students)
https://getbonded.app (Example Link)
"
"Office of International Students and Scholars",issoff@etal.uri.edu,https://urinvolved.uri.edu/organization/international,"
Subject: Proper Member Management & Campus-Wide Visibility for Office of International Students and Scholars

Hi there,

We're students here at URI and we've built **Bonded**, a campus-exclusive network designed specifically for student organizations like Office of International Students and Scholars.

We noticed that managing members and getting the word out about events across campus can be a challenge. With Bonded, you can:
- **Properly manage your members** in one dedicated space.
- **Sync your calendar and setup events** that are visible to the entire school in one centralized place.
- **Increase engagement** with students who are actually looking for organizations like yours.

We'd love to set up a quick meeting to show you how Office of International Students and Scholars can benefit from being on Bonded.

Best,
The Bonded Team (URI Students)
https://getbonded.app (Example Link)
"
"Talent Development Student Board",uritdsb@gmail.com,https://urinvolved.uri.edu/organization/tdsb,"
Subject: Proper Member Management & Campus-Wide Visibility for Talent Development Student Board

Hi there,

We're students here at URI and we've built **Bonded**, a campus-exclusive network designed specifically for student organizations like Talent Development Student Board.

We noticed that managing members and getting the word out about events across campus can be a challenge. With Bonded, you can:
- **Properly manage your members** in one dedicated space.
- **Sync your calendar and setup events** that are visible to the entire school in one centralized place.
- **Increase engagement** with students who are actually looking for organizations like yours.

We'd love to set up a quick meeting to show you how Talent Development Student Board can benefit from being on Bonded.

Best,
The Bonded Team (URI Students)
https://getbonded.app (Example Link)
"
"Rhody F1rst (URI STUDENT SENATE)",rhodyf1rst@rhodysenate.org,https://urinvolved.uri.edu/organization/rhodyf1rst,"
Subject: Proper Member Management & Campus-Wide Visibility for Rhody F1rst (URI STUDENT SENATE)

Hi there,

We're students here at URI and we've built **Bonded**, a campus-exclusive network designed specifically for student organizations like Rhody F1rst (URI STUDENT SENATE).

We noticed that managing members and getting the word out about events across campus can be a challenge. With Bonded, you can:
- **Properly manage your members** in one dedicated space.
- **Sync your calendar and setup events** that are visible to the entire school in one centralized place.
- **Increase engagement** with students who are actually looking for organizations like yours.

We'd love to set up a quick meeting to show you how Rhody F1rst (URI STUDENT SENATE) can benefit from being on Bonded.

Best,
The Bonded Team (URI Students)
https://getbonded.app (Example Link)
"
"Transfer Student Association (URI STUDENT SENATE)",tsa@rhodysenate.org,https://urinvolved.uri.edu/organization/rhodytsa,"
Subject: Proper Member Management & Campus-Wide Visibility for Transfer Student Association (URI STUDENT SENATE)

Hi there,

We're students here at URI and we've built **Bonded**, a campus-exclusive network designed specifically for student organizations like Transfer Student Association (URI STUDENT SENATE).

We noticed that managing members and getting the word out about events across campus can be a challenge. With Bonded, you can:
- **Properly manage your members** in one dedicated space.
- **Sync your calendar and setup events** that are visible to the entire school in one centralized place.
- **Increase engagement** with students who are actually looking for organizations like yours.

We'd love to set up a quick meeting to show you how Transfer Student Association (URI STUDENT SENATE) can benefit from being on Bonded.

Best,
The Bonded Team (URI Students)
https://getbonded.app (Example Link)
"
"The Good 5 Cent Cigar (URI STUDENT SENATE)",uricigar@gmail.com,https://urinvolved.uri.edu/organization/cigar,"
Subject: Proper Member Management & Campus-Wide Visibility for The Good 5 Cent Cigar (URI STUDENT SENATE)

Hi there,

We're students here at URI and we've built **Bonded**, a campus-exclusive network designed specifically for student organizations like The Good 5 Cent Cigar (URI STUDENT SENATE).

We noticed that managing members and getting the word out about events across campus can be a challenge. With Bonded, you can:
- **Properly manage your members** in one dedicated space.
- **Sync your calendar and setup events** that are visible to the entire school in one centralized place.
- **Increase engagement** with students who are actually looking for organizations like yours.

We'd love to set up a quick meeting to show you how The Good 5 Cent Cigar (URI STUDENT SENATE) can benefit from being on Bonded.

Best,
The Bonded Team (URI Students)
https://getbonded.app (Example Link)
"
"Latinx Student Association (URI STUDENT SENATE)",lsa@rhodysenate.org,https://urinvolved.uri.edu/organization/lasa,"
Subject: Proper Member Management & Campus-Wide Visibility for Latinx Student Association (URI STUDENT SENATE)

Hi there,

We're students here at URI and we've built **Bonded**, a campus-exclusive network designed specifically for student organizations like Latinx Student Association (URI STUDENT SENATE).

We noticed that managing members and getting the word out about events across campus can be a challenge. With Bonded, you can:
- **Properly manage your members** in one dedicated space.
- **Sync your calendar and setup events** that are visible to the entire school in one centralized place.
- **Increase engagement** with students who are actually looking for organizations like yours.

We'd love to set up a quick meeting to show you how Latinx Student Association (URI STUDENT SENATE) can benefit from being on Bonded.

Best,
The Bonded Team (URI Students)
https://getbonded.app (Example Link)
"
"Filipino Student Association (URI STUDENT SENATE)",fsa@rhodysenate.org,https://urinvolved.uri.edu/organization/filipino-student-association,"
Subject: Proper Member Management & Campus-Wide Visibility for Filipino Student Association (URI STUDENT SENATE)

Hi there,

We're students here at URI and we've built **Bonded**, a campus-exclusive network designed specifically for student organizations like Filipino Student Association (URI STUDENT SENATE).

We noticed that managing members and getting the word out about events across campus can be a challenge. With Bonded, you can:
- **Properly manage your members** in one dedicated space.
- **Sync your calendar and setup events** that are visible to the entire school in one centralized place.
- **Increase engagement** with students who are actually looking for organizations like yours.

We'd love to set up a quick meeting to show you how Filipino Student Association (URI STUDENT SENATE) can benefit from being on Bonded.

Best,
The Bonded Team (URI Students)
https://getbonded.app (Example Link)
"
"Animal & Veterinary Science Club (URI STUDENT SENATE)",uriavsclub@gmail.com,https://urinvolved.uri.edu/organization/avsclub,"
Subject: Proper Member Management & Campus-Wide Visibility for Animal & Veterinary Science Club (URI STUDENT SENATE)

Hi there,

We're students here at URI and we've built **Bonded**, a campus-exclusive network designed specifically for student organizations like Animal & Veterinary Science Club (URI STUDENT SENATE).

We noticed that managing members and getting the word out about events across campus can be a challenge. With Bonded, you can:
- **Properly manage your members** in one dedicated space.
- **Sync your calendar and setup events** that are visible to the entire school in one centralized place.
- **Increase engagement** with students who are actually looking for organizations like yours.

We'd love to set up a quick meeting to show you how Animal & Veterinary Science Club (URI STUDENT SENATE) can benefit from being on Bonded.

Best,
The Bonded Team (URI Students)
https://getbonded.app (Example Link)
"
"Pre-Dental Club (URI STUDENT SENATE)",predental@rhodysenate.org,https://urinvolved.uri.edu/organization/uri-pre-dental-club,"
Subject: Proper Member Management & Campus-Wide Visibility for Pre-Dental Club (URI STUDENT SENATE)

Hi there,

We're students here at URI and we've built **Bonded**, a campus-exclusive network designed specifically for student organizations like Pre-Dental Club (URI STUDENT SENATE).

We noticed that managing members and getting the word out about events across campus can be a challenge. With Bonded, you can:
- **Properly manage your members** in one dedicated space.
- **Sync your calendar and setup events** that are visible to the entire school in one centralized place.
- **Increase engagement** with students who are actually looking for organizations like yours.

We'd love to set up a quick meeting to show you how Pre-Dental Club (URI STUDENT SENATE) can benefit from being on Bonded.

Best,
The Bonded Team (URI Students)
https://getbonded.app (Example Link)
"
"Supply Chain Management Club",uriscmclub@gmail.com,https://urinvolved.uri.edu/organization/scmclub,"
Subject: Proper Member Management & Campus-Wide Visibility for Supply Chain Management Club

Hi there,

We're students here at URI and we've built **Bonded**, a campus-exclusive network designed specifically for student organizations like Supply Chain Management Club.

We noticed that managing members and getting the word out about events across campus can be a challenge. With Bonded, you can:
- **Properly manage your members** in one dedicated space.
- **Sync your calendar and setup events** that are visible to the entire school in one centralized place.
- **Increase engagement** with students who are actually looking for organizations like yours.

We'd love to set up a quick meeting to show you how Supply Chain Management Club can benefit from being on Bonded.

Best,
The Bonded Team (URI Students)
https://getbonded.app (Example Link)
"
"URI DECA",amelia_oliveira@uri.edu,https://urinvolved.uri.edu/organization/deca,"
Subject: Proper Member Management & Campus-Wide Visibility for URI DECA

Hi there,

We're students here at URI and we've built **Bonded**, a campus-exclusive network designed specifically for student organizations like URI DECA.

We noticed that managing members and getting the word out about events across campus can be a challenge. With Bonded, you can:
- **Properly manage your members** in one dedicated space.
- **Sync your calendar and setup events** that are visible to the entire school in one centralized place.
- **Increase engagement** with students who are actually looking for organizations like yours.

We'd love to set up a quick meeting to show you how URI DECA can benefit from being on Bonded.

Best,
The Bonded Team (URI Students)
https://getbonded.app (Example Link)
"
"Papuan Student Association (URI STUDENT SENATE)",johsua.maniagasi@uri.edu,https://urinvolved.uri.edu/organization/psa,"
Subject: Proper Member Management & Campus-Wide Visibility for Papuan Student Association (URI STUDENT SENATE)

Hi there,

We're students here at URI and we've built **Bonded**, a campus-exclusive network designed specifically for student organizations like Papuan Student Association (URI STUDENT SENATE).

We noticed that managing members and getting the word out about events across campus can be a challenge. With Bonded, you can:
- **Properly manage your members** in one dedicated space.
- **Sync your calendar and setup events** that are visible to the entire school in one centralized place.
- **Increase engagement** with students who are actually looking for organizations like yours.

We'd love to set up a quick meeting to show you how Papuan Student Association (URI STUDENT SENATE) can benefit from being on Bonded.

Best,
The Bonded Team (URI Students)
https://getbonded.app (Example Link)
"
"URI Quidditch Club",uriquidditch@gmail.com,https://urinvolved.uri.edu/organization/quidditch,"
Subject: Proper Member Management & Campus-Wide Visibility for URI Quidditch Club

Hi there,

We're students here at URI and we've built **Bonded**, a campus-exclusive network designed specifically for student organizations like URI Quidditch Club.

We noticed that managing members and getting the word out about events across campus can be a challenge. With Bonded, you can:
- **Properly manage your members** in one dedicated space.
- **Sync your calendar and setup events** that are visible to the entire school in one centralized place.
- **Increase engagement** with students who are actually looking for organizations like yours.

We'd love to set up a quick meeting to show you how URI Quidditch Club can benefit from being on Bonded.

Best,
The Bonded Team (URI Students)
https://getbonded.app (Example Link)
"
"Shark Club",shark@rhodysenate.org,https://urinvolved.uri.edu/organization/shark,"
Subject: Proper Member Management & Campus-Wide Visibility for Shark Club

Hi there,

We're students here at URI and we've built **Bonded**, a campus-exclusive network designed specifically for student organizations like Shark Club.

We noticed that managing members and getting the word out about events across campus can be a challenge. With Bonded, you can:
- **Properly manage your members** in one dedicated space.
- **Sync your calendar and setup events** that are visible to the entire school in one centralized place.
- **Increase engagement** with students who are actually looking for organizations like yours.

We'd love to set up a quick meeting to show you how Shark Club can benefit from being on Bonded.

Best,
The Bonded Team (URI Students)
https://getbonded.app (Example Link)
"
"URI Pickleball Club",uripickleball@rhodysenate.org,https://urinvolved.uri.edu/organization/pickleball,"
Subject: Proper Member Management & Campus-Wide Visibility for URI Pickleball Club

Hi there,

We're students here at URI and we've built **Bonded**, a campus-exclusive network designed specifically for student organizations like URI Pickleball Club.

We noticed that managing members and getting the word out about events across campus can be a challenge. With Bonded, you can:
- **Properly manage your members** in one dedicated space.
- **Sync your calendar and setup events** that are visible to the entire school in one centralized place.
- **Increase engagement** with students who are actually looking for organizations like yours.

We'd love to set up a quick meeting to show you how URI Pickleball Club can benefit from being on Bonded.

Best,
The Bonded Team (URI Students)
https://getbonded.app (Example Link)
"
"Sexuality and Gender Alliance",gsa@rhodysenate.org,https://urinvolved.uri.edu/organization/saga,"
Subject: Proper Member Management & Campus-Wide Visibility for Sexuality and Gender Alliance

Hi there,

We're students here at URI and we've built **Bonded**, a campus-exclusive network designed specifically for student organizations like Sexuality and Gender Alliance.

We noticed that managing members and getting the word out about events across campus can be a challenge. With Bonded, you can:
- **Properly manage your members** in one dedicated space.
- **Sync your calendar and setup events** that are visible to the entire school in one centralized place.
- **Increase engagement** with students who are actually looking for organizations like yours.

We'd love to set up a quick meeting to show you how Sexuality and Gender Alliance can benefit from being on Bonded.

Best,
The Bonded Team (URI Students)
https://getbonded.app (Example Link)
"
"Northeast Student Affiliate",nesa@rhodysenate.org,https://urinvolved.uri.edu/organization/nesa,"
Subject: Proper Member Management & Campus-Wide Visibility for Northeast Student Affiliate

Hi there,

We're students here at URI and we've built **Bonded**, a campus-exclusive network designed specifically for student organizations like Northeast Student Affiliate.

We noticed that managing members and getting the word out about events across campus can be a challenge. With Bonded, you can:
- **Properly manage your members** in one dedicated space.
- **Sync your calendar and setup events** that are visible to the entire school in one centralized place.
- **Increase engagement** with students who are actually looking for organizations like yours.

We'd love to set up a quick meeting to show you how Northeast Student Affiliate can benefit from being on Bonded.

Best,
The Bonded Team (URI Students)
https://getbonded.app (Example Link)
"
"Community Wellness Leaders",wellness@rhodysenate.org,https://urinvolved.uri.edu/organization/community-wellness,"
Subject: Proper Member Management & Campus-Wide Visibility for Community Wellness Leaders

Hi there,

We're students here at URI and we've built **Bonded**, a campus-exclusive network designed specifically for student organizations like Community Wellness Leaders.

We noticed that managing members and getting the word out about events across campus can be a challenge. With Bonded, you can:
- **Properly manage your members** in one dedicated space.
- **Sync your calendar and setup events** that are visible to the entire school in one centralized place.
- **Increase engagement** with students who are actually looking for organizations like yours.

We'd love to set up a quick meeting to show you how Community Wellness Leaders can benefit from being on Bonded.

Best,
The Bonded Team (URI Students)
https://getbonded.app (Example Link)
"
"CELS Seeds of Success",cels_sos@etal.uri.edu,https://urinvolved.uri.edu/organization/cels-sos,"
Subject: Proper Member Management & Campus-Wide Visibility for CELS Seeds of Success

Hi there,

We're students here at URI and we've built **Bonded**, a campus-exclusive network designed specifically for student organizations like CELS Seeds of Success.

We noticed that managing members and getting the word out about events across campus can be a challenge. With Bonded, you can:
- **Properly manage your members** in one dedicated space.
- **Sync your calendar and setup events** that are visible to the entire school in one centralized place.
- **Increase engagement** with students who are actually looking for organizations like yours.

We'd love to set up a quick meeting to show you how CELS Seeds of Success can benefit from being on Bonded.

Best,
The Bonded Team (URI Students)
https://getbonded.app (Example Link)
"
"Alima International Dance Association (URI STUDENT SENATE)",alima@rhodysenate.org,https://urinvolved.uri.edu/organization/alima,"
Subject: Proper Member Management & Campus-Wide Visibility for Alima International Dance Association (URI STUDENT SENATE)

Hi there,

We're students here at URI and we've built **Bonded**, a campus-exclusive network designed specifically for student organizations like Alima International Dance Association (URI STUDENT SENATE).

We noticed that managing members and getting the word out about events across campus can be a challenge. With Bonded, you can:
- **Properly manage your members** in one dedicated space.
- **Sync your calendar and setup events** that are visible to the entire school in one centralized place.
- **Increase engagement** with students who are actually looking for organizations like yours.

We'd love to set up a quick meeting to show you how Alima International Dance Association (URI STUDENT SENATE) can benefit from being on Bonded.

Best,
The Bonded Team (URI Students)
https://getbonded.app (Example Link)
"
"American Society of Pharmacognosy - Brevetoxin Chapter (URI STUDENT SENATE)",uri.pcog@gmail.com,https://urinvolved.uri.edu/organization/na,"
Subject: Proper Member Management & Campus-Wide Visibility for American Society of Pharmacognosy - Brevetoxin Chapter (URI STUDENT SENATE)

Hi there,

We're students here at URI and we've built **Bonded**, a campus-exclusive network designed specifically for student organizations like American Society of Pharmacognosy - Brevetoxin Chapter (URI STUDENT SENATE).

We noticed that managing members and getting the word out about events across campus can be a challenge. With Bonded, you can:
- **Properly manage your members** in one dedicated space.
- **Sync your calendar and setup events** that are visible to the entire school in one centralized place.
- **Increase engagement** with students who are actually looking for organizations like yours.

We'd love to set up a quick meeting to show you how American Society of Pharmacognosy - Brevetoxin Chapter (URI STUDENT SENATE) can benefit from being on Bonded.

Best,
The Bonded Team (URI Students)
https://getbonded.app (Example Link)
"
"Brothers On a New Direction (B.O.N.D.) - (URI STUDENT SENATE)",bond@rhodysenate.org,https://urinvolved.uri.edu/organization/bond,"
Subject: Proper Member Management & Campus-Wide Visibility for Brothers On a New Direction (B.O.N.D.) - (URI STUDENT SENATE)

Hi there,

We're students here at URI and we've built **Bonded**, a campus-exclusive network designed specifically for student organizations like Brothers On a New Direction (B.O.N.D.) - (URI STUDENT SENATE).

We noticed that managing members and getting the word out about events across campus can be a challenge. With Bonded, you can:
- **Properly manage your members** in one dedicated space.
- **Sync your calendar and setup events** that are visible to the entire school in one centralized place.
- **Increase engagement** with students who are actually looking for organizations like yours.

We'd love to set up a quick meeting to show you how Brothers On a New Direction (B.O.N.D.) - (URI STUDENT SENATE) can benefit from being on Bonded.

Best,
The Bonded Team (URI Students)
https://getbonded.app (Example Link)
"
"Club Dance (URI STUDENT SENATE)",clubdance@rhodysenate.org,https://urinvolved.uri.edu/organization/clubdance,"
Subject: Proper Member Management & Campus-Wide Visibility for Club Dance (URI STUDENT SENATE)

Hi there,

We're students here at URI and we've built **Bonded**, a campus-exclusive network designed specifically for student organizations like Club Dance (URI STUDENT SENATE).

We noticed that managing members and getting the word out about events across campus can be a challenge. With Bonded, you can:
- **Properly manage your members** in one dedicated space.
- **Sync your calendar and setup events** that are visible to the entire school in one centralized place.
- **Increase engagement** with students who are actually looking for organizations like yours.

We'd love to set up a quick meeting to show you how Club Dance (URI STUDENT SENATE) can benefit from being on Bonded.

Best,
The Bonded Team (URI Students)
https://getbonded.app (Example Link)
"
"Student Veterans Organization (URI STUDENT SENATE)",svo@rhodysenate.org,https://urinvolved.uri.edu/organization/svo,"
Subject: Proper Member Management & Campus-Wide Visibility for Student Veterans Organization (URI STUDENT SENATE)

Hi there,

We're students here at URI and we've built **Bonded**, a campus-exclusive network designed specifically for student organizations like Student Veterans Organization (URI STUDENT SENATE).

We noticed that managing members and getting the word out about events across campus can be a challenge. With Bonded, you can:
- **Properly manage your members** in one dedicated space.
- **Sync your calendar and setup events** that are visible to the entire school in one centralized place.
- **Increase engagement** with students who are actually looking for organizations like yours.

We'd love to set up a quick meeting to show you how Student Veterans Organization (URI STUDENT SENATE) can benefit from being on Bonded.

Best,
The Bonded Team (URI Students)
https://getbonded.app (Example Link)
"
"URI Hillel (URI STUDENT SENATE)",hillel@urihillel.org,https://urinvolved.uri.edu/organization/uri-hillel,"
Subject: Proper Member Management & Campus-Wide Visibility for URI Hillel (URI STUDENT SENATE)

Hi there,

We're students here at URI and we've built **Bonded**, a campus-exclusive network designed specifically for student organizations like URI Hillel (URI STUDENT SENATE).

We noticed that managing members and getting the word out about events across campus can be a challenge. With Bonded, you can:
- **Properly manage your members** in one dedicated space.
- **Sync your calendar and setup events** that are visible to the entire school in one centralized place.
- **Increase engagement** with students who are actually looking for organizations like yours.

We'd love to set up a quick meeting to show you how URI Hillel (URI STUDENT SENATE) can benefit from being on Bonded.

Best,
The Bonded Team (URI Students)
https://getbonded.app (Example Link)
"
"Marine Science Society",marinesciencesociety@rhodysenate.org,https://urinvolved.uri.edu/organization/marine-science,"
Subject: Proper Member Management & Campus-Wide Visibility for Marine Science Society

Hi there,

We're students here at URI and we've built **Bonded**, a campus-exclusive network designed specifically for student organizations like Marine Science Society.

We noticed that managing members and getting the word out about events across campus can be a challenge. With Bonded, you can:
- **Properly manage your members** in one dedicated space.
- **Sync your calendar and setup events** that are visible to the entire school in one centralized place.
- **Increase engagement** with students who are actually looking for organizations like yours.

We'd love to set up a quick meeting to show you how Marine Science Society can benefit from being on Bonded.

Best,
The Bonded Team (URI Students)
https://getbonded.app (Example Link)
"
"Planned Parenthood Advocacy Club (URI STUDENT SENATE)",pparenthoodadvoacy@rhodysenate.org,https://urinvolved.uri.edu/organization/plannedparenthoodadvocacyclub,"
Subject: Proper Member Management & Campus-Wide Visibility for Planned Parenthood Advocacy Club (URI STUDENT SENATE)

Hi there,

We're students here at URI and we've built **Bonded**, a campus-exclusive network designed specifically for student organizations like Planned Parenthood Advocacy Club (URI STUDENT SENATE).

We noticed that managing members and getting the word out about events across campus can be a challenge. With Bonded, you can:
- **Properly manage your members** in one dedicated space.
- **Sync your calendar and setup events** that are visible to the entire school in one centralized place.
- **Increase engagement** with students who are actually looking for organizations like yours.

We'd love to set up a quick meeting to show you how Planned Parenthood Advocacy Club (URI STUDENT SENATE) can benefit from being on Bonded.

Best,
The Bonded Team (URI Students)
https://getbonded.app (Example Link)
"
"Crochet Club (URI STUDENT SENATE)",crochetclub@urisenate.org,https://urinvolved.uri.edu/organization/uricrochetclub,"
Subject: Proper Member Management & Campus-Wide Visibility for Crochet Club (URI STUDENT SENATE)

Hi there,

We're students here at URI and we've built **Bonded**, a campus-exclusive network designed specifically for student organizations like Crochet Club (URI STUDENT SENATE).

We noticed that managing members and getting the word out about events across campus can be a challenge. With Bonded, you can:
- **Properly manage your members** in one dedicated space.
- **Sync your calendar and setup events** that are visible to the entire school in one centralized place.
- **Increase engagement** with students who are actually looking for organizations like yours.

We'd love to set up a quick meeting to show you how Crochet Club (URI STUDENT SENATE) can benefit from being on Bonded.

Best,
The Bonded Team (URI Students)
https://getbonded.app (Example Link)
"
"Colleges Against Cancer (URI STUDENT SENATE)",collegesagainstcancer@rhodysenate.org,https://urinvolved.uri.edu/organization/uricac,"
Subject: Proper Member Management & Campus-Wide Visibility for Colleges Against Cancer (URI STUDENT SENATE)

Hi there,

We're students here at URI and we've built **Bonded**, a campus-exclusive network designed specifically for student organizations like Colleges Against Cancer (URI STUDENT SENATE).

We noticed that managing members and getting the word out about events across campus can be a challenge. With Bonded, you can:
- **Properly manage your members** in one dedicated space.
- **Sync your calendar and setup events** that are visible to the entire school in one centralized place.
- **Increase engagement** with students who are actually looking for organizations like yours.

We'd love to set up a quick meeting to show you how Colleges Against Cancer (URI STUDENT SENATE) can benefit from being on Bonded.

Best,
The Bonded Team (URI Students)
https://getbonded.app (Example Link)
"
"Rhody Bikes (URI STUDENT SENATE)",studentsenate@etal.uri.edu,https://urinvolved.uri.edu/organization/rhody-bike,"
Subject: Proper Member Management & Campus-Wide Visibility for Rhody Bikes (URI STUDENT SENATE)

Hi there,

We're students here at URI and we've built **Bonded**, a campus-exclusive network designed specifically for student organizations like Rhody Bikes (URI STUDENT SENATE).

We noticed that managing members and getting the word out about events across campus can be a challenge. With Bonded, you can:
- **Properly manage your members** in one dedicated space.
- **Sync your calendar and setup events** that are visible to the entire school in one centralized place.
- **Increase engagement** with students who are actually looking for organizations like yours.

We'd love to set up a quick meeting to show you how Rhody Bikes (URI STUDENT SENATE) can benefit from being on Bonded.

Best,
The Bonded Team (URI Students)
https://getbonded.app (Example Link)
"
"Photography Club (URI STUDENT SENATE)",Uriphotographyclub@rhodysenate.org,https://urinvolved.uri.edu/organization/photography,"
Subject: Proper Member Management & Campus-Wide Visibility for Photography Club (URI STUDENT SENATE)

Hi there,

We're students here at URI and we've built **Bonded**, a campus-exclusive network designed specifically for student organizations like Photography Club (URI STUDENT SENATE).

We noticed that managing members and getting the word out about events across campus can be a challenge. With Bonded, you can:
- **Properly manage your members** in one dedicated space.
- **Sync your calendar and setup events** that are visible to the entire school in one centralized place.
- **Increase engagement** with students who are actually looking for organizations like yours.

We'd love to set up a quick meeting to show you how Photography Club (URI STUDENT SENATE) can benefit from being on Bonded.

Best,
The Bonded Team (URI Students)
https://getbonded.app (Example Link)
"
"Judo and Jiu Jitsu Club (URI STUDENT SENATE)",judojiujitsu@rhodysenate.org,https://urinvolved.uri.edu/organization/judojiujitsu,"
Subject: Proper Member Management & Campus-Wide Visibility for Judo and Jiu Jitsu Club (URI STUDENT SENATE)

Hi there,

We're students here at URI and we've built **Bonded**, a campus-exclusive network designed specifically for student organizations like Judo and Jiu Jitsu Club (URI STUDENT SENATE).

We noticed that managing members and getting the word out about events across campus can be a challenge. With Bonded, you can:
- **Properly manage your members** in one dedicated space.
- **Sync your calendar and setup events** that are visible to the entire school in one centralized place.
- **Increase engagement** with students who are actually looking for organizations like yours.

We'd love to set up a quick meeting to show you how Judo and Jiu Jitsu Club (URI STUDENT SENATE) can benefit from being on Bonded.

Best,
The Bonded Team (URI Students)
https://getbonded.app (Example Link)
"
"Society of Hispanic Professional Engineers",studentsenate@etal.uri.edu,https://urinvolved.uri.edu/organization/shpe,"
Subject: Proper Member Management & Campus-Wide Visibility for Society of Hispanic Professional Engineers

Hi there,

We're students here at URI and we've built **Bonded**, a campus-exclusive network designed specifically for student organizations like Society of Hispanic Professional Engineers.

We noticed that managing members and getting the word out about events across campus can be a challenge. With Bonded, you can:
- **Properly manage your members** in one dedicated space.
- **Sync your calendar and setup events** that are visible to the entire school in one centralized place.
- **Increase engagement** with students who are actually looking for organizations like yours.

We'd love to set up a quick meeting to show you how Society of Hispanic Professional Engineers can benefit from being on Bonded.

Best,
The Bonded Team (URI Students)
https://getbonded.app (Example Link)
"
"Student Nurses Association",rhodysna@gmail.com,https://urinvolved.uri.edu/organization/sna,"
Subject: Proper Member Management & Campus-Wide Visibility for Student Nurses Association

Hi there,

We're students here at URI and we've built **Bonded**, a campus-exclusive network designed specifically for student organizations like Student Nurses Association.

We noticed that managing members and getting the word out about events across campus can be a challenge. With Bonded, you can:
- **Properly manage your members** in one dedicated space.
- **Sync your calendar and setup events** that are visible to the entire school in one centralized place.
- **Increase engagement** with students who are actually looking for organizations like yours.

We'd love to set up a quick meeting to show you how Student Nurses Association can benefit from being on Bonded.

Best,
The Bonded Team (URI Students)
https://getbonded.app (Example Link)
"
"URI 101 Mentor Program",uri101mentor@gmail.com,https://urinvolved.uri.edu/organization/uri101mentor,"
Subject: Proper Member Management & Campus-Wide Visibility for URI 101 Mentor Program

Hi there,

We're students here at URI and we've built **Bonded**, a campus-exclusive network designed specifically for student organizations like URI 101 Mentor Program.

We noticed that managing members and getting the word out about events across campus can be a challenge. With Bonded, you can:
- **Properly manage your members** in one dedicated space.
- **Sync your calendar and setup events** that are visible to the entire school in one centralized place.
- **Increase engagement** with students who are actually looking for organizations like yours.

We'd love to set up a quick meeting to show you how URI 101 Mentor Program can benefit from being on Bonded.

Best,
The Bonded Team (URI Students)
https://getbonded.app (Example Link)
"
"URI Enrollment Services and Financial Aid",zel.white@uri.edu,https://urinvolved.uri.edu/organization/enrollmentservices,"
Subject: Proper Member Management & Campus-Wide Visibility for URI Enrollment Services and Financial Aid

Hi there,

We're students here at URI and we've built **Bonded**, a campus-exclusive network designed specifically for student organizations like URI Enrollment Services and Financial Aid.

We noticed that managing members and getting the word out about events across campus can be a challenge. With Bonded, you can:
- **Properly manage your members** in one dedicated space.
- **Sync your calendar and setup events** that are visible to the entire school in one centralized place.
- **Increase engagement** with students who are actually looking for organizations like yours.

We'd love to set up a quick meeting to show you how URI Enrollment Services and Financial Aid can benefit from being on Bonded.

Best,
The Bonded Team (URI Students)
https://getbonded.app (Example Link)
"
"Institute of Industrial & Systems Engineers ",iiseofuri@gmail.com,https://urinvolved.uri.edu/organization/iise,"
Subject: Proper Member Management & Campus-Wide Visibility for Institute of Industrial & Systems Engineers 

Hi there,

We're students here at URI and we've built **Bonded**, a campus-exclusive network designed specifically for student organizations like Institute of Industrial & Systems Engineers .

We noticed that managing members and getting the word out about events across campus can be a challenge. With Bonded, you can:
- **Properly manage your members** in one dedicated space.
- **Sync your calendar and setup events** that are visible to the entire school in one centralized place.
- **Increase engagement** with students who are actually looking for organizations like yours.

We'd love to set up a quick meeting to show you how Institute of Industrial & Systems Engineers  can benefit from being on Bonded.

Best,
The Bonded Team (URI Students)
https://getbonded.app (Example Link)
"
"Rhody Ruckus",rhodyruckus21@gmail.com,https://urinvolved.uri.edu/organization/ruckus,"
Subject: Proper Member Management & Campus-Wide Visibility for Rhody Ruckus

Hi there,

We're students here at URI and we've built **Bonded**, a campus-exclusive network designed specifically for student organizations like Rhody Ruckus.

We noticed that managing members and getting the word out about events across campus can be a challenge. With Bonded, you can:
- **Properly manage your members** in one dedicated space.
- **Sync your calendar and setup events** that are visible to the entire school in one centralized place.
- **Increase engagement** with students who are actually looking for organizations like yours.

We'd love to set up a quick meeting to show you how Rhody Ruckus can benefit from being on Bonded.

Best,
The Bonded Team (URI Students)
https://getbonded.app (Example Link)
"
"College of the Environment and Life Sciences",celsacademicaffairs@etal.uri.edu,https://urinvolved.uri.edu/organization/cels,"
Subject: Proper Member Management & Campus-Wide Visibility for College of the Environment and Life Sciences

Hi there,

We're students here at URI and we've built **Bonded**, a campus-exclusive network designed specifically for student organizations like College of the Environment and Life Sciences.

We noticed that managing members and getting the word out about events across campus can be a challenge. With Bonded, you can:
- **Properly manage your members** in one dedicated space.
- **Sync your calendar and setup events** that are visible to the entire school in one centralized place.
- **Increase engagement** with students who are actually looking for organizations like yours.

We'd love to set up a quick meeting to show you how College of the Environment and Life Sciences can benefit from being on Bonded.

Best,
The Bonded Team (URI Students)
https://getbonded.app (Example Link)
"
"Alpha Chi Sigma",alphachisigma@etal.uri.edu,https://urinvolved.uri.edu/organization/externalwebsitelink,"
Subject: Proper Member Management & Campus-Wide Visibility for Alpha Chi Sigma

Hi there,

We're students here at URI and we've built **Bonded**, a campus-exclusive network designed specifically for student organizations like Alpha Chi Sigma.

We noticed that managing members and getting the word out about events across campus can be a challenge. With Bonded, you can:
- **Properly manage your members** in one dedicated space.
- **Sync your calendar and setup events** that are visible to the entire school in one centralized place.
- **Increase engagement** with students who are actually looking for organizations like yours.

We'd love to set up a quick meeting to show you how Alpha Chi Sigma can benefit from being on Bonded.

Best,
The Bonded Team (URI Students)
https://getbonded.app (Example Link)
"
"Society of Human Resource Management",emma.noone@uri.edu,https://urinvolved.uri.edu/organization/shrm,"
Subject: Proper Member Management & Campus-Wide Visibility for Society of Human Resource Management

Hi there,

We're students here at URI and we've built **Bonded**, a campus-exclusive network designed specifically for student organizations like Society of Human Resource Management.

We noticed that managing members and getting the word out about events across campus can be a challenge. With Bonded, you can:
- **Properly manage your members** in one dedicated space.
- **Sync your calendar and setup events** that are visible to the entire school in one centralized place.
- **Increase engagement** with students who are actually looking for organizations like yours.

We'd love to set up a quick meeting to show you how Society of Human Resource Management can benefit from being on Bonded.

Best,
The Bonded Team (URI Students)
https://getbonded.app (Example Link)
"
"Phi Eta Sigma - URI Chapter",lisa_giudici@uri.edu,https://urinvolved.uri.edu/organization/phietasigma,"
Subject: Proper Member Management & Campus-Wide Visibility for Phi Eta Sigma - URI Chapter

Hi there,

We're students here at URI and we've built **Bonded**, a campus-exclusive network designed specifically for student organizations like Phi Eta Sigma - URI Chapter.

We noticed that managing members and getting the word out about events across campus can be a challenge. With Bonded, you can:
- **Properly manage your members** in one dedicated space.
- **Sync your calendar and setup events** that are visible to the entire school in one centralized place.
- **Increase engagement** with students who are actually looking for organizations like yours.

We'd love to set up a quick meeting to show you how Phi Eta Sigma - URI Chapter can benefit from being on Bonded.

Best,
The Bonded Team (URI Students)
https://getbonded.app (Example Link)
"
"Social Dance Club (URI STUDENT SENATE)",socialdance@rhodysenate.org,https://urinvolved.uri.edu/organization/socialdance,"
Subject: Proper Member Management & Campus-Wide Visibility for Social Dance Club (URI STUDENT SENATE)

Hi there,

We're students here at URI and we've built **Bonded**, a campus-exclusive network designed specifically for student organizations like Social Dance Club (URI STUDENT SENATE).

We noticed that managing members and getting the word out about events across campus can be a challenge. With Bonded, you can:
- **Properly manage your members** in one dedicated space.
- **Sync your calendar and setup events** that are visible to the entire school in one centralized place.
- **Increase engagement** with students who are actually looking for organizations like yours.

We'd love to set up a quick meeting to show you how Social Dance Club (URI STUDENT SENATE) can benefit from being on Bonded.

Best,
The Bonded Team (URI Students)
https://getbonded.app (Example Link)
"
"Rotaract Club (URI STUDENT SENATE)",rotaract@rhodysenate.org,https://urinvolved.uri.edu/organization/rotaract,"
Subject: Proper Member Management & Campus-Wide Visibility for Rotaract Club (URI STUDENT SENATE)

Hi there,

We're students here at URI and we've built **Bonded**, a campus-exclusive network designed specifically for student organizations like Rotaract Club (URI STUDENT SENATE).

We noticed that managing members and getting the word out about events across campus can be a challenge. With Bonded, you can:
- **Properly manage your members** in one dedicated space.
- **Sync your calendar and setup events** that are visible to the entire school in one centralized place.
- **Increase engagement** with students who are actually looking for organizations like yours.

We'd love to set up a quick meeting to show you how Rotaract Club (URI STUDENT SENATE) can benefit from being on Bonded.

Best,
The Bonded Team (URI Students)
https://getbonded.app (Example Link)
"
"Young Democratic Socialists of America (URI STUDENT SENATE)",democraticsocialists@rhodysenate.org,https://urinvolved.uri.edu/organization/ydsa_uri,"
Subject: Proper Member Management & Campus-Wide Visibility for Young Democratic Socialists of America (URI STUDENT SENATE)

Hi there,

We're students here at URI and we've built **Bonded**, a campus-exclusive network designed specifically for student organizations like Young Democratic Socialists of America (URI STUDENT SENATE).

We noticed that managing members and getting the word out about events across campus can be a challenge. With Bonded, you can:
- **Properly manage your members** in one dedicated space.
- **Sync your calendar and setup events** that are visible to the entire school in one centralized place.
- **Increase engagement** with students who are actually looking for organizations like yours.

We'd love to set up a quick meeting to show you how Young Democratic Socialists of America (URI STUDENT SENATE) can benefit from being on Bonded.

Best,
The Bonded Team (URI Students)
https://getbonded.app (Example Link)
"
"193 Coffeehouse (DUE FOR URI SENATE RE-RECOGNITION)",193degree.employees@gmail.com,https://urinvolved.uri.edu/organization/193coffeehouse,"
Subject: Proper Member Management & Campus-Wide Visibility for 193 Coffeehouse (DUE FOR URI SENATE RE-RECOGNITION)

Hi there,

We're students here at URI and we've built **Bonded**, a campus-exclusive network designed specifically for student organizations like 193 Coffeehouse (DUE FOR URI SENATE RE-RECOGNITION).

We noticed that managing members and getting the word out about events across campus can be a challenge. With Bonded, you can:
- **Properly manage your members** in one dedicated space.
- **Sync your calendar and setup events** that are visible to the entire school in one centralized place.
- **Increase engagement** with students who are actually looking for organizations like yours.

We'd love to set up a quick meeting to show you how 193 Coffeehouse (DUE FOR URI SENATE RE-RECOGNITION) can benefit from being on Bonded.

Best,
The Bonded Team (URI Students)
https://getbonded.app (Example Link)
"
"The Confidence Club (URI STUDENT SENATE)",confidenceclub@rhodysenate.org,https://urinvolved.uri.edu/organization/theconfidenceclub,"
Subject: Proper Member Management & Campus-Wide Visibility for The Confidence Club (URI STUDENT SENATE)

Hi there,

We're students here at URI and we've built **Bonded**, a campus-exclusive network designed specifically for student organizations like The Confidence Club (URI STUDENT SENATE).

We noticed that managing members and getting the word out about events across campus can be a challenge. With Bonded, you can:
- **Properly manage your members** in one dedicated space.
- **Sync your calendar and setup events** that are visible to the entire school in one centralized place.
- **Increase engagement** with students who are actually looking for organizations like yours.

We'd love to set up a quick meeting to show you how The Confidence Club (URI STUDENT SENATE) can benefit from being on Bonded.

Best,
The Bonded Team (URI Students)
https://getbonded.app (Example Link)
"
"Engineers Without Borders (URI STUDENT SENATE)",ewb@rhodysenate.org,https://urinvolved.uri.edu/organization/engineers-without-borders,"
Subject: Proper Member Management & Campus-Wide Visibility for Engineers Without Borders (URI STUDENT SENATE)

Hi there,

We're students here at URI and we've built **Bonded**, a campus-exclusive network designed specifically for student organizations like Engineers Without Borders (URI STUDENT SENATE).

We noticed that managing members and getting the word out about events across campus can be a challenge. With Bonded, you can:
- **Properly manage your members** in one dedicated space.
- **Sync your calendar and setup events** that are visible to the entire school in one centralized place.
- **Increase engagement** with students who are actually looking for organizations like yours.

We'd love to set up a quick meeting to show you how Engineers Without Borders (URI STUDENT SENATE) can benefit from being on Bonded.

Best,
The Bonded Team (URI Students)
https://getbonded.app (Example Link)
"
"PENSA URI (URI STUDENT SENATE)",pensa@rhodysenate.org,https://urinvolved.uri.edu/organization/pensa,"
Subject: Proper Member Management & Campus-Wide Visibility for PENSA URI (URI STUDENT SENATE)

Hi there,

We're students here at URI and we've built **Bonded**, a campus-exclusive network designed specifically for student organizations like PENSA URI (URI STUDENT SENATE).

We noticed that managing members and getting the word out about events across campus can be a challenge. With Bonded, you can:
- **Properly manage your members** in one dedicated space.
- **Sync your calendar and setup events** that are visible to the entire school in one centralized place.
- **Increase engagement** with students who are actually looking for organizations like yours.

We'd love to set up a quick meeting to show you how PENSA URI (URI STUDENT SENATE) can benefit from being on Bonded.

Best,
The Bonded Team (URI Students)
https://getbonded.app (Example Link)
"
"Rams Culture Collective (URI STUDENT SENATE)",culturecollective@rhodysenate.org,https://urinvolved.uri.edu/organization/rcc,"
Subject: Proper Member Management & Campus-Wide Visibility for Rams Culture Collective (URI STUDENT SENATE)

Hi there,

We're students here at URI and we've built **Bonded**, a campus-exclusive network designed specifically for student organizations like Rams Culture Collective (URI STUDENT SENATE).

We noticed that managing members and getting the word out about events across campus can be a challenge. With Bonded, you can:
- **Properly manage your members** in one dedicated space.
- **Sync your calendar and setup events** that are visible to the entire school in one centralized place.
- **Increase engagement** with students who are actually looking for organizations like yours.

We'd love to set up a quick meeting to show you how Rams Culture Collective (URI STUDENT SENATE) can benefit from being on Bonded.

Best,
The Bonded Team (URI Students)
https://getbonded.app (Example Link)
"
"Asian Student Association (URI STUDENT SENATE)",asa@rhodysenate.org,https://urinvolved.uri.edu/organization/asa,"
Subject: Proper Member Management & Campus-Wide Visibility for Asian Student Association (URI STUDENT SENATE)

Hi there,

We're students here at URI and we've built **Bonded**, a campus-exclusive network designed specifically for student organizations like Asian Student Association (URI STUDENT SENATE).

We noticed that managing members and getting the word out about events across campus can be a challenge. With Bonded, you can:
- **Properly manage your members** in one dedicated space.
- **Sync your calendar and setup events** that are visible to the entire school in one centralized place.
- **Increase engagement** with students who are actually looking for organizations like yours.

We'd love to set up a quick meeting to show you how Asian Student Association (URI STUDENT SENATE) can benefit from being on Bonded.

Best,
The Bonded Team (URI Students)
https://getbonded.app (Example Link)
"
"Self-Defense Club",selfdefenseclub@rhodysenate.org,https://urinvolved.uri.edu/organization/self-defense,"
Subject: Proper Member Management & Campus-Wide Visibility for Self-Defense Club

Hi there,

We're students here at URI and we've built **Bonded**, a campus-exclusive network designed specifically for student organizations like Self-Defense Club.

We noticed that managing members and getting the word out about events across campus can be a challenge. With Bonded, you can:
- **Properly manage your members** in one dedicated space.
- **Sync your calendar and setup events** that are visible to the entire school in one centralized place.
- **Increase engagement** with students who are actually looking for organizations like yours.

We'd love to set up a quick meeting to show you how Self-Defense Club can benefit from being on Bonded.

Best,
The Bonded Team (URI Students)
https://getbonded.app (Example Link)
"
"Rhody Adventures",lucas_dewitt@uri.edu,https://urinvolved.uri.edu/organization/rhodyadventures,"
Subject: Proper Member Management & Campus-Wide Visibility for Rhody Adventures

Hi there,

We're students here at URI and we've built **Bonded**, a campus-exclusive network designed specifically for student organizations like Rhody Adventures.

We noticed that managing members and getting the word out about events across campus can be a challenge. With Bonded, you can:
- **Properly manage your members** in one dedicated space.
- **Sync your calendar and setup events** that are visible to the entire school in one centralized place.
- **Increase engagement** with students who are actually looking for organizations like yours.

We'd love to set up a quick meeting to show you how Rhody Adventures can benefit from being on Bonded.

Best,
The Bonded Team (URI Students)
https://getbonded.app (Example Link)
"
"Student Senate, Inc. of the University of Rhode Island",info@rhodysenate.org,https://urinvolved.uri.edu/organization/studentsenate,"
Subject: Proper Member Management & Campus-Wide Visibility for Student Senate, Inc. of the University of Rhode Island

Hi there,

We're students here at URI and we've built **Bonded**, a campus-exclusive network designed specifically for student organizations like Student Senate, Inc. of the University of Rhode Island.

We noticed that managing members and getting the word out about events across campus can be a challenge. With Bonded, you can:
- **Properly manage your members** in one dedicated space.
- **Sync your calendar and setup events** that are visible to the entire school in one centralized place.
- **Increase engagement** with students who are actually looking for organizations like yours.

We'd love to set up a quick meeting to show you how Student Senate, Inc. of the University of Rhode Island can benefit from being on Bonded.

Best,
The Bonded Team (URI Students)
https://getbonded.app (Example Link)
"
"URI Greek Life",greek@etal.uri.edu,https://urinvolved.uri.edu/organization/ifc,"
Subject: Proper Member Management & Campus-Wide Visibility for URI Greek Life

Hi there,

We're students here at URI and we've built **Bonded**, a campus-exclusive network designed specifically for student organizations like URI Greek Life.

We noticed that managing members and getting the word out about events across campus can be a challenge. With Bonded, you can:
- **Properly manage your members** in one dedicated space.
- **Sync your calendar and setup events** that are visible to the entire school in one centralized place.
- **Increase engagement** with students who are actually looking for organizations like yours.

We'd love to set up a quick meeting to show you how URI Greek Life can benefit from being on Bonded.

Best,
The Bonded Team (URI Students)
https://getbonded.app (Example Link)
"
"Northwoods Hiking and Conservation Club",northwoodshc@rhodysenate.org,https://urinvolved.uri.edu/organization/northwoods-hiking-conservation,"
Subject: Proper Member Management & Campus-Wide Visibility for Northwoods Hiking and Conservation Club

Hi there,

We're students here at URI and we've built **Bonded**, a campus-exclusive network designed specifically for student organizations like Northwoods Hiking and Conservation Club.

We noticed that managing members and getting the word out about events across campus can be a challenge. With Bonded, you can:
- **Properly manage your members** in one dedicated space.
- **Sync your calendar and setup events** that are visible to the entire school in one centralized place.
- **Increase engagement** with students who are actually looking for organizations like yours.

We'd love to set up a quick meeting to show you how Northwoods Hiking and Conservation Club can benefit from being on Bonded.

Best,
The Bonded Team (URI Students)
https://getbonded.app (Example Link)
"
"National Society of Black Engineers (URI STUDENT SENATE)",jaymori_leonard@uri.edu,https://urinvolved.uri.edu/organization/nsbe,"
Subject: Proper Member Management & Campus-Wide Visibility for National Society of Black Engineers (URI STUDENT SENATE)

Hi there,

We're students here at URI and we've built **Bonded**, a campus-exclusive network designed specifically for student organizations like National Society of Black Engineers (URI STUDENT SENATE).

We noticed that managing members and getting the word out about events across campus can be a challenge. With Bonded, you can:
- **Properly manage your members** in one dedicated space.
- **Sync your calendar and setup events** that are visible to the entire school in one centralized place.
- **Increase engagement** with students who are actually looking for organizations like yours.

We'd love to set up a quick meeting to show you how National Society of Black Engineers (URI STUDENT SENATE) can benefit from being on Bonded.

Best,
The Bonded Team (URI Students)
https://getbonded.app (Example Link)
"
"Middle Eastern Student Association (URI STUDENT SENATE)",mesa@rhodysenate.org,https://urinvolved.uri.edu/organization/mesa,"
Subject: Proper Member Management & Campus-Wide Visibility for Middle Eastern Student Association (URI STUDENT SENATE)

Hi there,

We're students here at URI and we've built **Bonded**, a campus-exclusive network designed specifically for student organizations like Middle Eastern Student Association (URI STUDENT SENATE).

We noticed that managing members and getting the word out about events across campus can be a challenge. With Bonded, you can:
- **Properly manage your members** in one dedicated space.
- **Sync your calendar and setup events** that are visible to the entire school in one centralized place.
- **Increase engagement** with students who are actually looking for organizations like yours.

We'd love to set up a quick meeting to show you how Middle Eastern Student Association (URI STUDENT SENATE) can benefit from being on Bonded.

Best,
The Bonded Team (URI Students)
https://getbonded.app (Example Link)
"
"Powerlifting Club (URI STUDENT SENATE)",powerlifting@rhodysenate.org,https://urinvolved.uri.edu/organization/powerlifting,"
Subject: Proper Member Management & Campus-Wide Visibility for Powerlifting Club (URI STUDENT SENATE)

Hi there,

We're students here at URI and we've built **Bonded**, a campus-exclusive network designed specifically for student organizations like Powerlifting Club (URI STUDENT SENATE).

We noticed that managing members and getting the word out about events across campus can be a challenge. With Bonded, you can:
- **Properly manage your members** in one dedicated space.
- **Sync your calendar and setup events** that are visible to the entire school in one centralized place.
- **Increase engagement** with students who are actually looking for organizations like yours.

We'd love to set up a quick meeting to show you how Powerlifting Club (URI STUDENT SENATE) can benefit from being on Bonded.

Best,
The Bonded Team (URI Students)
https://getbonded.app (Example Link)
"
"Arts and Crafts Club",craftsclub@rhodysenate.org,https://urinvolved.uri.edu/organization/artsandcrafts,"
Subject: Proper Member Management & Campus-Wide Visibility for Arts and Crafts Club

Hi there,

We're students here at URI and we've built **Bonded**, a campus-exclusive network designed specifically for student organizations like Arts and Crafts Club.

We noticed that managing members and getting the word out about events across campus can be a challenge. With Bonded, you can:
- **Properly manage your members** in one dedicated space.
- **Sync your calendar and setup events** that are visible to the entire school in one centralized place.
- **Increase engagement** with students who are actually looking for organizations like yours.

We'd love to set up a quick meeting to show you how Arts and Crafts Club can benefit from being on Bonded.

Best,
The Bonded Team (URI Students)
https://getbonded.app (Example Link)
"
"Best Buddies (URI STUDENT SENATE)",bestbuddies@rhodysenate.org,https://urinvolved.uri.edu/organization/bestbuddies,"
Subject: Proper Member Management & Campus-Wide Visibility for Best Buddies (URI STUDENT SENATE)

Hi there,

We're students here at URI and we've built **Bonded**, a campus-exclusive network designed specifically for student organizations like Best Buddies (URI STUDENT SENATE).

We noticed that managing members and getting the word out about events across campus can be a challenge. With Bonded, you can:
- **Properly manage your members** in one dedicated space.
- **Sync your calendar and setup events** that are visible to the entire school in one centralized place.
- **Increase engagement** with students who are actually looking for organizations like yours.

We'd love to set up a quick meeting to show you how Best Buddies (URI STUDENT SENATE) can benefit from being on Bonded.

Best,
The Bonded Team (URI Students)
https://getbonded.app (Example Link)
"
"Chabad of URI (URI STUDENT SENATE)",studentsenate@etal.uri.edu,https://urinvolved.uri.edu/organization/chabad,"
Subject: Proper Member Management & Campus-Wide Visibility for Chabad of URI (URI STUDENT SENATE)

Hi there,

We're students here at URI and we've built **Bonded**, a campus-exclusive network designed specifically for student organizations like Chabad of URI (URI STUDENT SENATE).

We noticed that managing members and getting the word out about events across campus can be a challenge. With Bonded, you can:
- **Properly manage your members** in one dedicated space.
- **Sync your calendar and setup events** that are visible to the entire school in one centralized place.
- **Increase engagement** with students who are actually looking for organizations like yours.

We'd love to set up a quick meeting to show you how Chabad of URI (URI STUDENT SENATE) can benefit from being on Bonded.

Best,
The Bonded Team (URI Students)
https://getbonded.app (Example Link)
"
"The Black and Brown Women in Engineering, Science, Technology Sisterhood (PENDING AFFILIATE/ACADEMIC)",uri.bbwests@gmail.com,https://urinvolved.uri.edu/organization/bbwests,"
Subject: Proper Member Management & Campus-Wide Visibility for The Black and Brown Women in Engineering, Science, Technology Sisterhood (PENDING AFFILIATE/ACADEMIC)

Hi there,

We're students here at URI and we've built **Bonded**, a campus-exclusive network designed specifically for student organizations like The Black and Brown Women in Engineering, Science, Technology Sisterhood (PENDING AFFILIATE/ACADEMIC).

We noticed that managing members and getting the word out about events across campus can be a challenge. With Bonded, you can:
- **Properly manage your members** in one dedicated space.
- **Sync your calendar and setup events** that are visible to the entire school in one centralized place.
- **Increase engagement** with students who are actually looking for organizations like yours.

We'd love to set up a quick meeting to show you how The Black and Brown Women in Engineering, Science, Technology Sisterhood (PENDING AFFILIATE/ACADEMIC) can benefit from being on Bonded.

Best,
The Bonded Team (URI Students)
https://getbonded.app (Example Link)
"
"URI Club Golf (URI STUDENT SENATE)",golfclub@rhodysenate.org,https://urinvolved.uri.edu/organization/uriclubgolf,"
Subject: Proper Member Management & Campus-Wide Visibility for URI Club Golf (URI STUDENT SENATE)

Hi there,

We're students here at URI and we've built **Bonded**, a campus-exclusive network designed specifically for student organizations like URI Club Golf (URI STUDENT SENATE).

We noticed that managing members and getting the word out about events across campus can be a challenge. With Bonded, you can:
- **Properly manage your members** in one dedicated space.
- **Sync your calendar and setup events** that are visible to the entire school in one centralized place.
- **Increase engagement** with students who are actually looking for organizations like yours.

We'd love to set up a quick meeting to show you how URI Club Golf (URI STUDENT SENATE) can benefit from being on Bonded.

Best,
The Bonded Team (URI Students)
https://getbonded.app (Example Link)
"
"Haitian Student Asssoication (URI STUDENT SENATE)",hsa@rhodysenate.org,https://urinvolved.uri.edu/organization/hsa,"
Subject: Proper Member Management & Campus-Wide Visibility for Haitian Student Asssoication (URI STUDENT SENATE)

Hi there,

We're students here at URI and we've built **Bonded**, a campus-exclusive network designed specifically for student organizations like Haitian Student Asssoication (URI STUDENT SENATE).

We noticed that managing members and getting the word out about events across campus can be a challenge. With Bonded, you can:
- **Properly manage your members** in one dedicated space.
- **Sync your calendar and setup events** that are visible to the entire school in one centralized place.
- **Increase engagement** with students who are actually looking for organizations like yours.

We'd love to set up a quick meeting to show you how Haitian Student Asssoication (URI STUDENT SENATE) can benefit from being on Bonded.

Best,
The Bonded Team (URI Students)
https://getbonded.app (Example Link)
"
"Dress History Association (URI STUDENT SENATE)",dresshistory@rhodysenate.org,https://urinvolved.uri.edu/organization/dress-history,"
Subject: Proper Member Management & Campus-Wide Visibility for Dress History Association (URI STUDENT SENATE)

Hi there,

We're students here at URI and we've built **Bonded**, a campus-exclusive network designed specifically for student organizations like Dress History Association (URI STUDENT SENATE).

We noticed that managing members and getting the word out about events across campus can be a challenge. With Bonded, you can:
- **Properly manage your members** in one dedicated space.
- **Sync your calendar and setup events** that are visible to the entire school in one centralized place.
- **Increase engagement** with students who are actually looking for organizations like yours.

We'd love to set up a quick meeting to show you how Dress History Association (URI STUDENT SENATE) can benefit from being on Bonded.

Best,
The Bonded Team (URI Students)
https://getbonded.app (Example Link)
"
"Water Polo Club (URI STUDENT SENATE)",waterpolo@rhodysenate.org,https://urinvolved.uri.edu/organization/waterpoloclub,"
Subject: Proper Member Management & Campus-Wide Visibility for Water Polo Club (URI STUDENT SENATE)

Hi there,

We're students here at URI and we've built **Bonded**, a campus-exclusive network designed specifically for student organizations like Water Polo Club (URI STUDENT SENATE).

We noticed that managing members and getting the word out about events across campus can be a challenge. With Bonded, you can:
- **Properly manage your members** in one dedicated space.
- **Sync your calendar and setup events** that are visible to the entire school in one centralized place.
- **Increase engagement** with students who are actually looking for organizations like yours.

We'd love to set up a quick meeting to show you how Water Polo Club (URI STUDENT SENATE) can benefit from being on Bonded.

Best,
The Bonded Team (URI Students)
https://getbonded.app (Example Link)
"
"Innovation and Entrepreneurship CLub",Uriieclub@gmail.org,https://urinvolved.uri.edu/organization/iec,"
Subject: Proper Member Management & Campus-Wide Visibility for Innovation and Entrepreneurship CLub

Hi there,

We're students here at URI and we've built **Bonded**, a campus-exclusive network designed specifically for student organizations like Innovation and Entrepreneurship CLub.

We noticed that managing members and getting the word out about events across campus can be a challenge. With Bonded, you can:
- **Properly manage your members** in one dedicated space.
- **Sync your calendar and setup events** that are visible to the entire school in one centralized place.
- **Increase engagement** with students who are actually looking for organizations like yours.

We'd love to set up a quick meeting to show you how Innovation and Entrepreneurship CLub can benefit from being on Bonded.

Best,
The Bonded Team (URI Students)
https://getbonded.app (Example Link)
"
"URI Anime Club (URI STUDENT SENATE)",anime@rhodysenate.org,https://urinvolved.uri.edu/organization/anime,"
Subject: Proper Member Management & Campus-Wide Visibility for URI Anime Club (URI STUDENT SENATE)

Hi there,

We're students here at URI and we've built **Bonded**, a campus-exclusive network designed specifically for student organizations like URI Anime Club (URI STUDENT SENATE).

We noticed that managing members and getting the word out about events across campus can be a challenge. With Bonded, you can:
- **Properly manage your members** in one dedicated space.
- **Sync your calendar and setup events** that are visible to the entire school in one centralized place.
- **Increase engagement** with students who are actually looking for organizations like yours.

We'd love to set up a quick meeting to show you how URI Anime Club (URI STUDENT SENATE) can benefit from being on Bonded.

Best,
The Bonded Team (URI Students)
https://getbonded.app (Example Link)
"
"Financial Management Association",devon_santos@uri.edu,https://urinvolved.uri.edu/organization/cobfma,"
Subject: Proper Member Management & Campus-Wide Visibility for Financial Management Association

Hi there,

We're students here at URI and we've built **Bonded**, a campus-exclusive network designed specifically for student organizations like Financial Management Association.

We noticed that managing members and getting the word out about events across campus can be a challenge. With Bonded, you can:
- **Properly manage your members** in one dedicated space.
- **Sync your calendar and setup events** that are visible to the entire school in one centralized place.
- **Increase engagement** with students who are actually looking for organizations like yours.

We'd love to set up a quick meeting to show you how Financial Management Association can benefit from being on Bonded.

Best,
The Bonded Team (URI Students)
https://getbonded.app (Example Link)
"
"URiSTANDers",klabelle@uri.edu,https://urinvolved.uri.edu/organization/istand,"
Subject: Proper Member Management & Campus-Wide Visibility for URiSTANDers

Hi there,

We're students here at URI and we've built **Bonded**, a campus-exclusive network designed specifically for student organizations like URiSTANDers.

We noticed that managing members and getting the word out about events across campus can be a challenge. With Bonded, you can:
- **Properly manage your members** in one dedicated space.
- **Sync your calendar and setup events** that are visible to the entire school in one centralized place.
- **Increase engagement** with students who are actually looking for organizations like yours.

We'd love to set up a quick meeting to show you how URiSTANDers can benefit from being on Bonded.

Best,
The Bonded Team (URI Students)
https://getbonded.app (Example Link)
"
"MSAC",kayla.clark@uri.edu,https://urinvolved.uri.edu/organization/msac,"
Subject: Proper Member Management & Campus-Wide Visibility for MSAC

Hi there,

We're students here at URI and we've built **Bonded**, a campus-exclusive network designed specifically for student organizations like MSAC.

We noticed that managing members and getting the word out about events across campus can be a challenge. With Bonded, you can:
- **Properly manage your members** in one dedicated space.
- **Sync your calendar and setup events** that are visible to the entire school in one centralized place.
- **Increase engagement** with students who are actually looking for organizations like yours.

We'd love to set up a quick meeting to show you how MSAC can benefit from being on Bonded.

Best,
The Bonded Team (URI Students)
https://getbonded.app (Example Link)
"
"Global Connections",globalconnections.uri@gmail.com,https://urinvolved.uri.edu/organization/global-connections,"
Subject: Proper Member Management & Campus-Wide Visibility for Global Connections

Hi there,

We're students here at URI and we've built **Bonded**, a campus-exclusive network designed specifically for student organizations like Global Connections.

We noticed that managing members and getting the word out about events across campus can be a challenge. With Bonded, you can:
- **Properly manage your members** in one dedicated space.
- **Sync your calendar and setup events** that are visible to the entire school in one centralized place.
- **Increase engagement** with students who are actually looking for organizations like yours.

We'd love to set up a quick meeting to show you how Global Connections can benefit from being on Bonded.

Best,
The Bonded Team (URI Students)
https://getbonded.app (Example Link)
"
"URI Alpine (URI STUDENT SENATE)",alpine@rhodysenate.org,https://urinvolved.uri.edu/organization/alpine,"
Subject: Proper Member Management & Campus-Wide Visibility for URI Alpine (URI STUDENT SENATE)

Hi there,

We're students here at URI and we've built **Bonded**, a campus-exclusive network designed specifically for student organizations like URI Alpine (URI STUDENT SENATE).

We noticed that managing members and getting the word out about events across campus can be a challenge. With Bonded, you can:
- **Properly manage your members** in one dedicated space.
- **Sync your calendar and setup events** that are visible to the entire school in one centralized place.
- **Increase engagement** with students who are actually looking for organizations like yours.

We'd love to set up a quick meeting to show you how URI Alpine (URI STUDENT SENATE) can benefit from being on Bonded.

Best,
The Bonded Team (URI Students)
https://getbonded.app (Example Link)
"
"Dominican Alliance of URI (URI STUDENT SENATE)",dominicanalliance@rhodysenate.org,https://urinvolved.uri.edu/organization/dominican-alliance,"
Subject: Proper Member Management & Campus-Wide Visibility for Dominican Alliance of URI (URI STUDENT SENATE)

Hi there,

We're students here at URI and we've built **Bonded**, a campus-exclusive network designed specifically for student organizations like Dominican Alliance of URI (URI STUDENT SENATE).

We noticed that managing members and getting the word out about events across campus can be a challenge. With Bonded, you can:
- **Properly manage your members** in one dedicated space.
- **Sync your calendar and setup events** that are visible to the entire school in one centralized place.
- **Increase engagement** with students who are actually looking for organizations like yours.

We'd love to set up a quick meeting to show you how Dominican Alliance of URI (URI STUDENT SENATE) can benefit from being on Bonded.

Best,
The Bonded Team (URI Students)
https://getbonded.app (Example Link)
"
"Gaming Club",gaming@rhodysenate.org,https://urinvolved.uri.edu/organization/gaming,"
Subject: Proper Member Management & Campus-Wide Visibility for Gaming Club

Hi there,

We're students here at URI and we've built **Bonded**, a campus-exclusive network designed specifically for student organizations like Gaming Club.

We noticed that managing members and getting the word out about events across campus can be a challenge. With Bonded, you can:
- **Properly manage your members** in one dedicated space.
- **Sync your calendar and setup events** that are visible to the entire school in one centralized place.
- **Increase engagement** with students who are actually looking for organizations like yours.

We'd love to set up a quick meeting to show you how Gaming Club can benefit from being on Bonded.

Best,
The Bonded Team (URI Students)
https://getbonded.app (Example Link)
"
"Kinesiology Club (URI STUDENT SENATE)",kinclub@rhodysenate.orh,https://urinvolved.uri.edu/organization/kin,"
Subject: Proper Member Management & Campus-Wide Visibility for Kinesiology Club (URI STUDENT SENATE)

Hi there,

We're students here at URI and we've built **Bonded**, a campus-exclusive network designed specifically for student organizations like Kinesiology Club (URI STUDENT SENATE).

We noticed that managing members and getting the word out about events across campus can be a challenge. With Bonded, you can:
- **Properly manage your members** in one dedicated space.
- **Sync your calendar and setup events** that are visible to the entire school in one centralized place.
- **Increase engagement** with students who are actually looking for organizations like yours.

We'd love to set up a quick meeting to show you how Kinesiology Club (URI STUDENT SENATE) can benefit from being on Bonded.

Best,
The Bonded Team (URI Students)
https://getbonded.app (Example Link)
"
"Science Fiction and Supernatural Club (URI STUDENT SENATE)",sciencefictionclub@rhodysenate.org,https://urinvolved.uri.edu/organization/science-fiction-supernatural,"
Subject: Proper Member Management & Campus-Wide Visibility for Science Fiction and Supernatural Club (URI STUDENT SENATE)

Hi there,

We're students here at URI and we've built **Bonded**, a campus-exclusive network designed specifically for student organizations like Science Fiction and Supernatural Club (URI STUDENT SENATE).

We noticed that managing members and getting the word out about events across campus can be a challenge. With Bonded, you can:
- **Properly manage your members** in one dedicated space.
- **Sync your calendar and setup events** that are visible to the entire school in one centralized place.
- **Increase engagement** with students who are actually looking for organizations like yours.

We'd love to set up a quick meeting to show you how Science Fiction and Supernatural Club (URI STUDENT SENATE) can benefit from being on Bonded.

Best,
The Bonded Team (URI Students)
https://getbonded.app (Example Link)
"
"Sports Fanatics Club (URI STUDENT SENATE)",sportsfanatics@rhodysenate.org,https://urinvolved.uri.edu/organization/sportsfanatics,"
Subject: Proper Member Management & Campus-Wide Visibility for Sports Fanatics Club (URI STUDENT SENATE)

Hi there,

We're students here at URI and we've built **Bonded**, a campus-exclusive network designed specifically for student organizations like Sports Fanatics Club (URI STUDENT SENATE).

We noticed that managing members and getting the word out about events across campus can be a challenge. With Bonded, you can:
- **Properly manage your members** in one dedicated space.
- **Sync your calendar and setup events** that are visible to the entire school in one centralized place.
- **Increase engagement** with students who are actually looking for organizations like yours.

We'd love to set up a quick meeting to show you how Sports Fanatics Club (URI STUDENT SENATE) can benefit from being on Bonded.

Best,
The Bonded Team (URI Students)
https://getbonded.app (Example Link)
"
"Sporting Club:  Rhody Archery (URI STUDENT SENATE)",rhodyarchery@gmail.com,https://urinvolved.uri.edu/organization/archery,"
Subject: Proper Member Management & Campus-Wide Visibility for Sporting Club:  Rhody Archery (URI STUDENT SENATE)

Hi there,

We're students here at URI and we've built **Bonded**, a campus-exclusive network designed specifically for student organizations like Sporting Club:  Rhody Archery (URI STUDENT SENATE).

We noticed that managing members and getting the word out about events across campus can be a challenge. With Bonded, you can:
- **Properly manage your members** in one dedicated space.
- **Sync your calendar and setup events** that are visible to the entire school in one centralized place.
- **Increase engagement** with students who are actually looking for organizations like yours.

We'd love to set up a quick meeting to show you how Sporting Club:  Rhody Archery (URI STUDENT SENATE) can benefit from being on Bonded.

Best,
The Bonded Team (URI Students)
https://getbonded.app (Example Link)
"
"Puppy Raisers Club (URI STUDENT SENATE)",puppyraisers@rhodysenate.org,https://urinvolved.uri.edu/organization/puppyraisers,"
Subject: Proper Member Management & Campus-Wide Visibility for Puppy Raisers Club (URI STUDENT SENATE)

Hi there,

We're students here at URI and we've built **Bonded**, a campus-exclusive network designed specifically for student organizations like Puppy Raisers Club (URI STUDENT SENATE).

We noticed that managing members and getting the word out about events across campus can be a challenge. With Bonded, you can:
- **Properly manage your members** in one dedicated space.
- **Sync your calendar and setup events** that are visible to the entire school in one centralized place.
- **Increase engagement** with students who are actually looking for organizations like yours.

We'd love to set up a quick meeting to show you how Puppy Raisers Club (URI STUDENT SENATE) can benefit from being on Bonded.

Best,
The Bonded Team (URI Students)
https://getbonded.app (Example Link)
"
"Student Alumni Association (URI STUDENT SENATE)",saa@rhodysenate.org,https://urinvolved.uri.edu/organization/saa,"
Subject: Proper Member Management & Campus-Wide Visibility for Student Alumni Association (URI STUDENT SENATE)

Hi there,

We're students here at URI and we've built **Bonded**, a campus-exclusive network designed specifically for student organizations like Student Alumni Association (URI STUDENT SENATE).

We noticed that managing members and getting the word out about events across campus can be a challenge. With Bonded, you can:
- **Properly manage your members** in one dedicated space.
- **Sync your calendar and setup events** that are visible to the entire school in one centralized place.
- **Increase engagement** with students who are actually looking for organizations like yours.

We'd love to set up a quick meeting to show you how Student Alumni Association (URI STUDENT SENATE) can benefit from being on Bonded.

Best,
The Bonded Team (URI Students)
https://getbonded.app (Example Link)
"
"Uhuru Sasa (URI STUDENT SENATE)",uhurusasa@rhodysenate.org,https://urinvolved.uri.edu/organization/uhurusasa,"
Subject: Proper Member Management & Campus-Wide Visibility for Uhuru Sasa (URI STUDENT SENATE)

Hi there,

We're students here at URI and we've built **Bonded**, a campus-exclusive network designed specifically for student organizations like Uhuru Sasa (URI STUDENT SENATE).

We noticed that managing members and getting the word out about events across campus can be a challenge. With Bonded, you can:
- **Properly manage your members** in one dedicated space.
- **Sync your calendar and setup events** that are visible to the entire school in one centralized place.
- **Increase engagement** with students who are actually looking for organizations like yours.

We'd love to set up a quick meeting to show you how Uhuru Sasa (URI STUDENT SENATE) can benefit from being on Bonded.

Best,
The Bonded Team (URI Students)
https://getbonded.app (Example Link)
"
"URI Triathlon Club (URI STUDENT SENATE)",triathlon@rhodysenate.org,https://urinvolved.uri.edu/organization/triathlon,"
Subject: Proper Member Management & Campus-Wide Visibility for URI Triathlon Club (URI STUDENT SENATE)

Hi there,

We're students here at URI and we've built **Bonded**, a campus-exclusive network designed specifically for student organizations like URI Triathlon Club (URI STUDENT SENATE).

We noticed that managing members and getting the word out about events across campus can be a challenge. With Bonded, you can:
- **Properly manage your members** in one dedicated space.
- **Sync your calendar and setup events** that are visible to the entire school in one centralized place.
- **Increase engagement** with students who are actually looking for organizations like yours.

We'd love to set up a quick meeting to show you how URI Triathlon Club (URI STUDENT SENATE) can benefit from being on Bonded.

Best,
The Bonded Team (URI Students)
https://getbonded.app (Example Link)
"
"URI Free Farmers Market",urifreefarmersmarket@gmail.com,https://urinvolved.uri.edu/organization/nutrition_ffm,"
Subject: Proper Member Management & Campus-Wide Visibility for URI Free Farmers Market

Hi there,

We're students here at URI and we've built **Bonded**, a campus-exclusive network designed specifically for student organizations like URI Free Farmers Market.

We noticed that managing members and getting the word out about events across campus can be a challenge. With Bonded, you can:
- **Properly manage your members** in one dedicated space.
- **Sync your calendar and setup events** that are visible to the entire school in one centralized place.
- **Increase engagement** with students who are actually looking for organizations like yours.

We'd love to set up a quick meeting to show you how URI Free Farmers Market can benefit from being on Bonded.

Best,
The Bonded Team (URI Students)
https://getbonded.app (Example Link)
"
"URI College of Business",cob@etal.uri.edu,https://urinvolved.uri.edu/organization/business,"
Subject: Proper Member Management & Campus-Wide Visibility for URI College of Business

Hi there,

We're students here at URI and we've built **Bonded**, a campus-exclusive network designed specifically for student organizations like URI College of Business.

We noticed that managing members and getting the word out about events across campus can be a challenge. With Bonded, you can:
- **Properly manage your members** in one dedicated space.
- **Sync your calendar and setup events** that are visible to the entire school in one centralized place.
- **Increase engagement** with students who are actually looking for organizations like yours.

We'd love to set up a quick meeting to show you how URI College of Business can benefit from being on Bonded.

Best,
The Bonded Team (URI Students)
https://getbonded.app (Example Link)
"
"Women in Business",officialuriwib@gmail.com,https://urinvolved.uri.edu/organization/wib,"
Subject: Proper Member Management & Campus-Wide Visibility for Women in Business

Hi there,

We're students here at URI and we've built **Bonded**, a campus-exclusive network designed specifically for student organizations like Women in Business.

We noticed that managing members and getting the word out about events across campus can be a challenge. With Bonded, you can:
- **Properly manage your members** in one dedicated space.
- **Sync your calendar and setup events** that are visible to the entire school in one centralized place.
- **Increase engagement** with students who are actually looking for organizations like yours.

We'd love to set up a quick meeting to show you how Women in Business can benefit from being on Bonded.

Best,
The Bonded Team (URI Students)
https://getbonded.app (Example Link)
"
"Commuter Affairs",cho@etal.uri.edu,https://urinvolved.uri.edu/organization/offcampus,"
Subject: Proper Member Management & Campus-Wide Visibility for Commuter Affairs

Hi there,

We're students here at URI and we've built **Bonded**, a campus-exclusive network designed specifically for student organizations like Commuter Affairs.

We noticed that managing members and getting the word out about events across campus can be a challenge. With Bonded, you can:
- **Properly manage your members** in one dedicated space.
- **Sync your calendar and setup events** that are visible to the entire school in one centralized place.
- **Increase engagement** with students who are actually looking for organizations like yours.

We'd love to set up a quick meeting to show you how Commuter Affairs can benefit from being on Bonded.

Best,
The Bonded Team (URI Students)
https://getbonded.app (Example Link)
"
"Commuter Club",hebakattan@uri.edu,https://urinvolved.uri.edu/organization/commuter,"
Subject: Proper Member Management & Campus-Wide Visibility for Commuter Club

Hi there,

We're students here at URI and we've built **Bonded**, a campus-exclusive network designed specifically for student organizations like Commuter Club.

We noticed that managing members and getting the word out about events across campus can be a challenge. With Bonded, you can:
- **Properly manage your members** in one dedicated space.
- **Sync your calendar and setup events** that are visible to the entire school in one centralized place.
- **Increase engagement** with students who are actually looking for organizations like yours.

We'd love to set up a quick meeting to show you how Commuter Club can benefit from being on Bonded.

Best,
The Bonded Team (URI Students)
https://getbonded.app (Example Link)
"
"National Association for Music Education",nafme@rhodysenate.org,https://urinvolved.uri.edu/organization/nafme,"
Subject: Proper Member Management & Campus-Wide Visibility for National Association for Music Education

Hi there,

We're students here at URI and we've built **Bonded**, a campus-exclusive network designed specifically for student organizations like National Association for Music Education.

We noticed that managing members and getting the word out about events across campus can be a challenge. With Bonded, you can:
- **Properly manage your members** in one dedicated space.
- **Sync your calendar and setup events** that are visible to the entire school in one centralized place.
- **Increase engagement** with students who are actually looking for organizations like yours.

We'd love to set up a quick meeting to show you how National Association for Music Education can benefit from being on Bonded.

Best,
The Bonded Team (URI Students)
https://getbonded.app (Example Link)
"
"Diversity Dialogues",diversitydialogues19@gmail.com,https://urinvolved.uri.edu/organization/diversity-dialogues,"
Subject: Proper Member Management & Campus-Wide Visibility for Diversity Dialogues

Hi there,

We're students here at URI and we've built **Bonded**, a campus-exclusive network designed specifically for student organizations like Diversity Dialogues.

We noticed that managing members and getting the word out about events across campus can be a challenge. With Bonded, you can:
- **Properly manage your members** in one dedicated space.
- **Sync your calendar and setup events** that are visible to the entire school in one centralized place.
- **Increase engagement** with students who are actually looking for organizations like yours.

We'd love to set up a quick meeting to show you how Diversity Dialogues can benefit from being on Bonded.

Best,
The Bonded Team (URI Students)
https://getbonded.app (Example Link)
"
"St. Augustine's Episcopal Church",drake_douglas@uri.edu,https://urinvolved.uri.edu/organization/augustine,"
Subject: Proper Member Management & Campus-Wide Visibility for St. Augustine's Episcopal Church

Hi there,

We're students here at URI and we've built **Bonded**, a campus-exclusive network designed specifically for student organizations like St. Augustine's Episcopal Church.

We noticed that managing members and getting the word out about events across campus can be a challenge. With Bonded, you can:
- **Properly manage your members** in one dedicated space.
- **Sync your calendar and setup events** that are visible to the entire school in one centralized place.
- **Increase engagement** with students who are actually looking for organizations like yours.

We'd love to set up a quick meeting to show you how St. Augustine's Episcopal Church can benefit from being on Bonded.

Best,
The Bonded Team (URI Students)
https://getbonded.app (Example Link)
"
"American Society of Landscape Architecture Student Chapter (URI STUDENT SENATE)",ASLA@rhodysenate.org,https://urinvolved.uri.edu/organization/asla_student_chapter,"
Subject: Proper Member Management & Campus-Wide Visibility for American Society of Landscape Architecture Student Chapter (URI STUDENT SENATE)

Hi there,

We're students here at URI and we've built **Bonded**, a campus-exclusive network designed specifically for student organizations like American Society of Landscape Architecture Student Chapter (URI STUDENT SENATE).

We noticed that managing members and getting the word out about events across campus can be a challenge. With Bonded, you can:
- **Properly manage your members** in one dedicated space.
- **Sync your calendar and setup events** that are visible to the entire school in one centralized place.
- **Increase engagement** with students who are actually looking for organizations like yours.

We'd love to set up a quick meeting to show you how American Society of Landscape Architecture Student Chapter (URI STUDENT SENATE) can benefit from being on Bonded.

Best,
The Bonded Team (URI Students)
https://getbonded.app (Example Link)
"
"Black Student Union (BSU) - (URI STUDENT SENATE)",bsu@rhodysenate.org,https://urinvolved.uri.edu/organization/bsu,"
Subject: Proper Member Management & Campus-Wide Visibility for Black Student Union (BSU) - (URI STUDENT SENATE)

Hi there,

We're students here at URI and we've built **Bonded**, a campus-exclusive network designed specifically for student organizations like Black Student Union (BSU) - (URI STUDENT SENATE).

We noticed that managing members and getting the word out about events across campus can be a challenge. With Bonded, you can:
- **Properly manage your members** in one dedicated space.
- **Sync your calendar and setup events** that are visible to the entire school in one centralized place.
- **Increase engagement** with students who are actually looking for organizations like yours.

We'd love to set up a quick meeting to show you how Black Student Union (BSU) - (URI STUDENT SENATE) can benefit from being on Bonded.

Best,
The Bonded Team (URI Students)
https://getbonded.app (Example Link)
"
"Rhody Catholic Organization (URI STUDENT SENATE)",rhodycatholic@rhodysenate.org,https://urinvolved.uri.edu/organization/rhody-catholic,"
Subject: Proper Member Management & Campus-Wide Visibility for Rhody Catholic Organization (URI STUDENT SENATE)

Hi there,

We're students here at URI and we've built **Bonded**, a campus-exclusive network designed specifically for student organizations like Rhody Catholic Organization (URI STUDENT SENATE).

We noticed that managing members and getting the word out about events across campus can be a challenge. With Bonded, you can:
- **Properly manage your members** in one dedicated space.
- **Sync your calendar and setup events** that are visible to the entire school in one centralized place.
- **Increase engagement** with students who are actually looking for organizations like yours.

We'd love to set up a quick meeting to show you how Rhody Catholic Organization (URI STUDENT SENATE) can benefit from being on Bonded.

Best,
The Bonded Team (URI Students)
https://getbonded.app (Example Link)
"
"South Asian Student Association (URI STUDENT SENATE)",sasa@rhodysenate.org,https://urinvolved.uri.edu/organization/southasianstudentsassociation,"
Subject: Proper Member Management & Campus-Wide Visibility for South Asian Student Association (URI STUDENT SENATE)

Hi there,

We're students here at URI and we've built **Bonded**, a campus-exclusive network designed specifically for student organizations like South Asian Student Association (URI STUDENT SENATE).

We noticed that managing members and getting the word out about events across campus can be a challenge. With Bonded, you can:
- **Properly manage your members** in one dedicated space.
- **Sync your calendar and setup events** that are visible to the entire school in one centralized place.
- **Increase engagement** with students who are actually looking for organizations like yours.

We'd love to set up a quick meeting to show you how South Asian Student Association (URI STUDENT SENATE) can benefit from being on Bonded.

Best,
The Bonded Team (URI Students)
https://getbonded.app (Example Link)
"
"Student Organ Donation Advocates (URI STUDENT SENATE)",hello@sodanational.org,https://urinvolved.uri.edu/organization/sodauri,"
Subject: Proper Member Management & Campus-Wide Visibility for Student Organ Donation Advocates (URI STUDENT SENATE)

Hi there,

We're students here at URI and we've built **Bonded**, a campus-exclusive network designed specifically for student organizations like Student Organ Donation Advocates (URI STUDENT SENATE).

We noticed that managing members and getting the word out about events across campus can be a challenge. With Bonded, you can:
- **Properly manage your members** in one dedicated space.
- **Sync your calendar and setup events** that are visible to the entire school in one centralized place.
- **Increase engagement** with students who are actually looking for organizations like yours.

We'd love to set up a quick meeting to show you how Student Organ Donation Advocates (URI STUDENT SENATE) can benefit from being on Bonded.

Best,
The Bonded Team (URI Students)
https://getbonded.app (Example Link)
"
"Public Relations Student Society of America (URI STUDENT SENATE)",prssa@etal.uri.edu,https://urinvolved.uri.edu/organization/prssa,"
Subject: Proper Member Management & Campus-Wide Visibility for Public Relations Student Society of America (URI STUDENT SENATE)

Hi there,

We're students here at URI and we've built **Bonded**, a campus-exclusive network designed specifically for student organizations like Public Relations Student Society of America (URI STUDENT SENATE).

We noticed that managing members and getting the word out about events across campus can be a challenge. With Bonded, you can:
- **Properly manage your members** in one dedicated space.
- **Sync your calendar and setup events** that are visible to the entire school in one centralized place.
- **Increase engagement** with students who are actually looking for organizations like yours.

We'd love to set up a quick meeting to show you how Public Relations Student Society of America (URI STUDENT SENATE) can benefit from being on Bonded.

Best,
The Bonded Team (URI Students)
https://getbonded.app (Example Link)
"
"Women in Sports URI (URI STUDENT SENATE)",womeninsports@rhodysenate.org,https://urinvolved.uri.edu/organization/womeninsportsuri,"
Subject: Proper Member Management & Campus-Wide Visibility for Women in Sports URI (URI STUDENT SENATE)

Hi there,

We're students here at URI and we've built **Bonded**, a campus-exclusive network designed specifically for student organizations like Women in Sports URI (URI STUDENT SENATE).

We noticed that managing members and getting the word out about events across campus can be a challenge. With Bonded, you can:
- **Properly manage your members** in one dedicated space.
- **Sync your calendar and setup events** that are visible to the entire school in one centralized place.
- **Increase engagement** with students who are actually looking for organizations like yours.

We'd love to set up a quick meeting to show you how Women in Sports URI (URI STUDENT SENATE) can benefit from being on Bonded.

Best,
The Bonded Team (URI Students)
https://getbonded.app (Example Link)
"
"Electronic Music Association (URI STUDENT SENATE)",ema@rhodysenate.org,https://urinvolved.uri.edu/organization/ema,"
Subject: Proper Member Management & Campus-Wide Visibility for Electronic Music Association (URI STUDENT SENATE)

Hi there,

We're students here at URI and we've built **Bonded**, a campus-exclusive network designed specifically for student organizations like Electronic Music Association (URI STUDENT SENATE).

We noticed that managing members and getting the word out about events across campus can be a challenge. With Bonded, you can:
- **Properly manage your members** in one dedicated space.
- **Sync your calendar and setup events** that are visible to the entire school in one centralized place.
- **Increase engagement** with students who are actually looking for organizations like yours.

We'd love to set up a quick meeting to show you how Electronic Music Association (URI STUDENT SENATE) can benefit from being on Bonded.

Best,
The Bonded Team (URI Students)
https://getbonded.app (Example Link)
"
"URI Dance Company (URI STUDENT SENATE)",uridancecompany@gmail.com,https://urinvolved.uri.edu/organization/dance-company,"
Subject: Proper Member Management & Campus-Wide Visibility for URI Dance Company (URI STUDENT SENATE)

Hi there,

We're students here at URI and we've built **Bonded**, a campus-exclusive network designed specifically for student organizations like URI Dance Company (URI STUDENT SENATE).

We noticed that managing members and getting the word out about events across campus can be a challenge. With Bonded, you can:
- **Properly manage your members** in one dedicated space.
- **Sync your calendar and setup events** that are visible to the entire school in one centralized place.
- **Increase engagement** with students who are actually looking for organizations like yours.

We'd love to set up a quick meeting to show you how URI Dance Company (URI STUDENT SENATE) can benefit from being on Bonded.

Best,
The Bonded Team (URI Students)
https://getbonded.app (Example Link)
"
"Club Cricket (URI STUDENT SENATE)",cricket@rhodysenate.org,https://urinvolved.uri.edu/organization/clubcricket,"
Subject: Proper Member Management & Campus-Wide Visibility for Club Cricket (URI STUDENT SENATE)

Hi there,

We're students here at URI and we've built **Bonded**, a campus-exclusive network designed specifically for student organizations like Club Cricket (URI STUDENT SENATE).

We noticed that managing members and getting the word out about events across campus can be a challenge. With Bonded, you can:
- **Properly manage your members** in one dedicated space.
- **Sync your calendar and setup events** that are visible to the entire school in one centralized place.
- **Increase engagement** with students who are actually looking for organizations like yours.

We'd love to set up a quick meeting to show you how Club Cricket (URI STUDENT SENATE) can benefit from being on Bonded.

Best,
The Bonded Team (URI Students)
https://getbonded.app (Example Link)
"
"MEDLIFE Movement",info@medlifemovement.org,https://urinvolved.uri.edu/organization/medlifemovementuri,"
Subject: Proper Member Management & Campus-Wide Visibility for MEDLIFE Movement

Hi there,

We're students here at URI and we've built **Bonded**, a campus-exclusive network designed specifically for student organizations like MEDLIFE Movement.

We noticed that managing members and getting the word out about events across campus can be a challenge. With Bonded, you can:
- **Properly manage your members** in one dedicated space.
- **Sync your calendar and setup events** that are visible to the entire school in one centralized place.
- **Increase engagement** with students who are actually looking for organizations like yours.

We'd love to set up a quick meeting to show you how MEDLIFE Movement can benefit from being on Bonded.

Best,
The Bonded Team (URI Students)
https://getbonded.app (Example Link)
"
"American Heart Association Heart Club (URI STUDENT SENATE)",allygoglia@uri.edu,https://urinvolved.uri.edu/organization/heartclub,"
Subject: Proper Member Management & Campus-Wide Visibility for American Heart Association Heart Club (URI STUDENT SENATE)

Hi there,

We're students here at URI and we've built **Bonded**, a campus-exclusive network designed specifically for student organizations like American Heart Association Heart Club (URI STUDENT SENATE).

We noticed that managing members and getting the word out about events across campus can be a challenge. With Bonded, you can:
- **Properly manage your members** in one dedicated space.
- **Sync your calendar and setup events** that are visible to the entire school in one centralized place.
- **Increase engagement** with students who are actually looking for organizations like yours.

We'd love to set up a quick meeting to show you how American Heart Association Heart Club (URI STUDENT SENATE) can benefit from being on Bonded.

Best,
The Bonded Team (URI Students)
https://getbonded.app (Example Link)
"
"Beta Alpha Psi",beta.alpha.psi.uri@gmail.com,https://urinvolved.uri.edu/organization/bap,"
Subject: Proper Member Management & Campus-Wide Visibility for Beta Alpha Psi

Hi there,

We're students here at URI and we've built **Bonded**, a campus-exclusive network designed specifically for student organizations like Beta Alpha Psi.

We noticed that managing members and getting the word out about events across campus can be a challenge. With Bonded, you can:
- **Properly manage your members** in one dedicated space.
- **Sync your calendar and setup events** that are visible to the entire school in one centralized place.
- **Increase engagement** with students who are actually looking for organizations like yours.

We'd love to set up a quick meeting to show you how Beta Alpha Psi can benefit from being on Bonded.

Best,
The Bonded Team (URI Students)
https://getbonded.app (Example Link)
"
"Musicians Guild (URI STUDENT SENATE)",musiciansguild@rhodysenate.org,https://urinvolved.uri.edu/organization/guild,"
Subject: Proper Member Management & Campus-Wide Visibility for Musicians Guild (URI STUDENT SENATE)

Hi there,

We're students here at URI and we've built **Bonded**, a campus-exclusive network designed specifically for student organizations like Musicians Guild (URI STUDENT SENATE).

We noticed that managing members and getting the word out about events across campus can be a challenge. With Bonded, you can:
- **Properly manage your members** in one dedicated space.
- **Sync your calendar and setup events** that are visible to the entire school in one centralized place.
- **Increase engagement** with students who are actually looking for organizations like yours.

We'd love to set up a quick meeting to show you how Musicians Guild (URI STUDENT SENATE) can benefit from being on Bonded.

Best,
The Bonded Team (URI Students)
https://getbonded.app (Example Link)
"
"ASLC",studentsenate@etal.uri.edu,https://urinvolved.uri.edu/organization/aslc,"
Subject: Proper Member Management & Campus-Wide Visibility for ASLC

Hi there,

We're students here at URI and we've built **Bonded**, a campus-exclusive network designed specifically for student organizations like ASLC.

We noticed that managing members and getting the word out about events across campus can be a challenge. With Bonded, you can:
- **Properly manage your members** in one dedicated space.
- **Sync your calendar and setup events** that are visible to the entire school in one centralized place.
- **Increase engagement** with students who are actually looking for organizations like yours.

We'd love to set up a quick meeting to show you how ASLC can benefit from being on Bonded.

Best,
The Bonded Team (URI Students)
https://getbonded.app (Example Link)
"
"Student Advocacy for Disability Awareness/Action",studentsenate@etal.uri.edu,https://urinvolved.uri.edu/organization/sada,"
Subject: Proper Member Management & Campus-Wide Visibility for Student Advocacy for Disability Awareness/Action

Hi there,

We're students here at URI and we've built **Bonded**, a campus-exclusive network designed specifically for student organizations like Student Advocacy for Disability Awareness/Action.

We noticed that managing members and getting the word out about events across campus can be a challenge. With Bonded, you can:
- **Properly manage your members** in one dedicated space.
- **Sync your calendar and setup events** that are visible to the entire school in one centralized place.
- **Increase engagement** with students who are actually looking for organizations like yours.

We'd love to set up a quick meeting to show you how Student Advocacy for Disability Awareness/Action can benefit from being on Bonded.

Best,
The Bonded Team (URI Students)
https://getbonded.app (Example Link)
"
"URI Club Baseball",baseball@rhodysenate.org,https://urinvolved.uri.edu/organization/club-baseball,"
Subject: Proper Member Management & Campus-Wide Visibility for URI Club Baseball

Hi there,

We're students here at URI and we've built **Bonded**, a campus-exclusive network designed specifically for student organizations like URI Club Baseball.

We noticed that managing members and getting the word out about events across campus can be a challenge. With Bonded, you can:
- **Properly manage your members** in one dedicated space.
- **Sync your calendar and setup events** that are visible to the entire school in one centralized place.
- **Increase engagement** with students who are actually looking for organizations like yours.

We'd love to set up a quick meeting to show you how URI Club Baseball can benefit from being on Bonded.

Best,
The Bonded Team (URI Students)
https://getbonded.app (Example Link)
"
"URI Esports",uri-esports-group@uri.edu,https://urinvolved.uri.edu/organization/uriesports,"
Subject: Proper Member Management & Campus-Wide Visibility for URI Esports

Hi there,

We're students here at URI and we've built **Bonded**, a campus-exclusive network designed specifically for student organizations like URI Esports.

We noticed that managing members and getting the word out about events across campus can be a challenge. With Bonded, you can:
- **Properly manage your members** in one dedicated space.
- **Sync your calendar and setup events** that are visible to the entire school in one centralized place.
- **Increase engagement** with students who are actually looking for organizations like yours.

We'd love to set up a quick meeting to show you how URI Esports can benefit from being on Bonded.

Best,
The Bonded Team (URI Students)
https://getbonded.app (Example Link)
"
"College of Business Student Ambassadors",cob-ambassadors-group@uri.edu,https://urinvolved.uri.edu/organization/cobambassadors,"
Subject: Proper Member Management & Campus-Wide Visibility for College of Business Student Ambassadors

Hi there,

We're students here at URI and we've built **Bonded**, a campus-exclusive network designed specifically for student organizations like College of Business Student Ambassadors.

We noticed that managing members and getting the word out about events across campus can be a challenge. With Bonded, you can:
- **Properly manage your members** in one dedicated space.
- **Sync your calendar and setup events** that are visible to the entire school in one centralized place.
- **Increase engagement** with students who are actually looking for organizations like yours.

We'd love to set up a quick meeting to show you how College of Business Student Ambassadors can benefit from being on Bonded.

Best,
The Bonded Team (URI Students)
https://getbonded.app (Example Link)
"
"BridgeUSA (URI STUDENT SENATE)",bridgeusa@rhodysenate.org,https://urinvolved.uri.edu/organization/bridgeusa,"
Subject: Proper Member Management & Campus-Wide Visibility for BridgeUSA (URI STUDENT SENATE)

Hi there,

We're students here at URI and we've built **Bonded**, a campus-exclusive network designed specifically for student organizations like BridgeUSA (URI STUDENT SENATE).

We noticed that managing members and getting the word out about events across campus can be a challenge. With Bonded, you can:
- **Properly manage your members** in one dedicated space.
- **Sync your calendar and setup events** that are visible to the entire school in one centralized place.
- **Increase engagement** with students who are actually looking for organizations like yours.

We'd love to set up a quick meeting to show you how BridgeUSA (URI STUDENT SENATE) can benefit from being on Bonded.

Best,
The Bonded Team (URI Students)
https://getbonded.app (Example Link)
"
"URI Music Therapy Club (URI STUDENT SENATE)",musictherapy@rhodysenate.org,https://urinvolved.uri.edu/organization/music-therapy,"
Subject: Proper Member Management & Campus-Wide Visibility for URI Music Therapy Club (URI STUDENT SENATE)

Hi there,

We're students here at URI and we've built **Bonded**, a campus-exclusive network designed specifically for student organizations like URI Music Therapy Club (URI STUDENT SENATE).

We noticed that managing members and getting the word out about events across campus can be a challenge. With Bonded, you can:
- **Properly manage your members** in one dedicated space.
- **Sync your calendar and setup events** that are visible to the entire school in one centralized place.
- **Increase engagement** with students who are actually looking for organizations like yours.

We'd love to set up a quick meeting to show you how URI Music Therapy Club (URI STUDENT SENATE) can benefit from being on Bonded.

Best,
The Bonded Team (URI Students)
https://getbonded.app (Example Link)
"
"eXposure (URI Student Senate)",exposure@rhodysenate.org,https://urinvolved.uri.edu/organization/exposure,"
Subject: Proper Member Management & Campus-Wide Visibility for eXposure (URI Student Senate)

Hi there,

We're students here at URI and we've built **Bonded**, a campus-exclusive network designed specifically for student organizations like eXposure (URI Student Senate).

We noticed that managing members and getting the word out about events across campus can be a challenge. With Bonded, you can:
- **Properly manage your members** in one dedicated space.
- **Sync your calendar and setup events** that are visible to the entire school in one centralized place.
- **Increase engagement** with students who are actually looking for organizations like yours.

We'd love to set up a quick meeting to show you how eXposure (URI Student Senate) can benefit from being on Bonded.

Best,
The Bonded Team (URI Students)
https://getbonded.app (Example Link)
"
"Alpha Kappa Alpha Sorority Inc. - Pi Theta Chapter (AFFILIATE)",akapithetapresident@gmail.com,https://urinvolved.uri.edu/organization/akapitheta,"
Subject: Proper Member Management & Campus-Wide Visibility for Alpha Kappa Alpha Sorority Inc. - Pi Theta Chapter (AFFILIATE)

Hi there,

We're students here at URI and we've built **Bonded**, a campus-exclusive network designed specifically for student organizations like Alpha Kappa Alpha Sorority Inc. - Pi Theta Chapter (AFFILIATE).

We noticed that managing members and getting the word out about events across campus can be a challenge. With Bonded, you can:
- **Properly manage your members** in one dedicated space.
- **Sync your calendar and setup events** that are visible to the entire school in one centralized place.
- **Increase engagement** with students who are actually looking for organizations like yours.

We'd love to set up a quick meeting to show you how Alpha Kappa Alpha Sorority Inc. - Pi Theta Chapter (AFFILIATE) can benefit from being on Bonded.

Best,
The Bonded Team (URI Students)
https://getbonded.app (Example Link)
"
"Pre-Physical Therapy Club (URI STUDENT SENATE)",studentsenate@etal.uri.edu,https://urinvolved.uri.edu/organization/prept,"
Subject: Proper Member Management & Campus-Wide Visibility for Pre-Physical Therapy Club (URI STUDENT SENATE)

Hi there,

We're students here at URI and we've built **Bonded**, a campus-exclusive network designed specifically for student organizations like Pre-Physical Therapy Club (URI STUDENT SENATE).

We noticed that managing members and getting the word out about events across campus can be a challenge. With Bonded, you can:
- **Properly manage your members** in one dedicated space.
- **Sync your calendar and setup events** that are visible to the entire school in one centralized place.
- **Increase engagement** with students who are actually looking for organizations like yours.

We'd love to set up a quick meeting to show you how Pre-Physical Therapy Club (URI STUDENT SENATE) can benefit from being on Bonded.

Best,
The Bonded Team (URI Students)
https://getbonded.app (Example Link)
"
"Rhody Christian Fellowship (URI STUDENT SENATE)",leaders@rhodyfellowship.com,https://urinvolved.uri.edu/organization/rcf,"
Subject: Proper Member Management & Campus-Wide Visibility for Rhody Christian Fellowship (URI STUDENT SENATE)

Hi there,

We're students here at URI and we've built **Bonded**, a campus-exclusive network designed specifically for student organizations like Rhody Christian Fellowship (URI STUDENT SENATE).

We noticed that managing members and getting the word out about events across campus can be a challenge. With Bonded, you can:
- **Properly manage your members** in one dedicated space.
- **Sync your calendar and setup events** that are visible to the entire school in one centralized place.
- **Increase engagement** with students who are actually looking for organizations like yours.

We'd love to set up a quick meeting to show you how Rhody Christian Fellowship (URI STUDENT SENATE) can benefit from being on Bonded.

Best,
The Bonded Team (URI Students)
https://getbonded.app (Example Link)
"
"URI Red Cross Club (URI STUDENT SENATE)",marielymadera@uri.edu,https://urinvolved.uri.edu/organization/redcrossclub,"
Subject: Proper Member Management & Campus-Wide Visibility for URI Red Cross Club (URI STUDENT SENATE)

Hi there,

We're students here at URI and we've built **Bonded**, a campus-exclusive network designed specifically for student organizations like URI Red Cross Club (URI STUDENT SENATE).

We noticed that managing members and getting the word out about events across campus can be a challenge. With Bonded, you can:
- **Properly manage your members** in one dedicated space.
- **Sync your calendar and setup events** that are visible to the entire school in one centralized place.
- **Increase engagement** with students who are actually looking for organizations like yours.

We'd love to set up a quick meeting to show you how URI Red Cross Club (URI STUDENT SENATE) can benefit from being on Bonded.

Best,
The Bonded Team (URI Students)
https://getbonded.app (Example Link)
"
"Society for Women in Computing (URI STUDENT SENATE)",womencomputing@rhodysenate.org,https://urinvolved.uri.edu/organization/swic,"
Subject: Proper Member Management & Campus-Wide Visibility for Society for Women in Computing (URI STUDENT SENATE)

Hi there,

We're students here at URI and we've built **Bonded**, a campus-exclusive network designed specifically for student organizations like Society for Women in Computing (URI STUDENT SENATE).

We noticed that managing members and getting the word out about events across campus can be a challenge. With Bonded, you can:
- **Properly manage your members** in one dedicated space.
- **Sync your calendar and setup events** that are visible to the entire school in one centralized place.
- **Increase engagement** with students who are actually looking for organizations like yours.

We'd love to set up a quick meeting to show you how Society for Women in Computing (URI STUDENT SENATE) can benefit from being on Bonded.

Best,
The Bonded Team (URI Students)
https://getbonded.app (Example Link)
"
"URI Badminton Club (URI STUDENT SENATE)",uribadminton@rhodysenate.org,https://urinvolved.uri.edu/organization/uribc,"
Subject: Proper Member Management & Campus-Wide Visibility for URI Badminton Club (URI STUDENT SENATE)

Hi there,

We're students here at URI and we've built **Bonded**, a campus-exclusive network designed specifically for student organizations like URI Badminton Club (URI STUDENT SENATE).

We noticed that managing members and getting the word out about events across campus can be a challenge. With Bonded, you can:
- **Properly manage your members** in one dedicated space.
- **Sync your calendar and setup events** that are visible to the entire school in one centralized place.
- **Increase engagement** with students who are actually looking for organizations like yours.

We'd love to set up a quick meeting to show you how URI Badminton Club (URI STUDENT SENATE) can benefit from being on Bonded.

Best,
The Bonded Team (URI Students)
https://getbonded.app (Example Link)
"
"Surfrider Foundation Club (URI STUDENT SENATE)",surfriderfoundationclub@rhodysenate.org,https://urinvolved.uri.edu/organization/surfriderfoundationclub,"
Subject: Proper Member Management & Campus-Wide Visibility for Surfrider Foundation Club (URI STUDENT SENATE)

Hi there,

We're students here at URI and we've built **Bonded**, a campus-exclusive network designed specifically for student organizations like Surfrider Foundation Club (URI STUDENT SENATE).

We noticed that managing members and getting the word out about events across campus can be a challenge. With Bonded, you can:
- **Properly manage your members** in one dedicated space.
- **Sync your calendar and setup events** that are visible to the entire school in one centralized place.
- **Increase engagement** with students who are actually looking for organizations like yours.

We'd love to set up a quick meeting to show you how Surfrider Foundation Club (URI STUDENT SENATE) can benefit from being on Bonded.

Best,
The Bonded Team (URI Students)
https://getbonded.app (Example Link)
"
"Utility Alliance",studentsenate@etal.uri.edu,https://urinvolved.uri.edu/organization/utility-alliance,"
Subject: Proper Member Management & Campus-Wide Visibility for Utility Alliance

Hi there,

We're students here at URI and we've built **Bonded**, a campus-exclusive network designed specifically for student organizations like Utility Alliance.

We noticed that managing members and getting the word out about events across campus can be a challenge. With Bonded, you can:
- **Properly manage your members** in one dedicated space.
- **Sync your calendar and setup events** that are visible to the entire school in one centralized place.
- **Increase engagement** with students who are actually looking for organizations like yours.

We'd love to set up a quick meeting to show you how Utility Alliance can benefit from being on Bonded.

Best,
The Bonded Team (URI Students)
https://getbonded.app (Example Link)
"
"Economic Student Association",studentsenate@etal.uri.edu,https://urinvolved.uri.edu/organization/esa,"
Subject: Proper Member Management & Campus-Wide Visibility for Economic Student Association

Hi there,

We're students here at URI and we've built **Bonded**, a campus-exclusive network designed specifically for student organizations like Economic Student Association.

We noticed that managing members and getting the word out about events across campus can be a challenge. With Bonded, you can:
- **Properly manage your members** in one dedicated space.
- **Sync your calendar and setup events** that are visible to the entire school in one centralized place.
- **Increase engagement** with students who are actually looking for organizations like yours.

We'd love to set up a quick meeting to show you how Economic Student Association can benefit from being on Bonded.

Best,
The Bonded Team (URI Students)
https://getbonded.app (Example Link)
"
"Chaplains Association",amyolson@uri.edu,https://urinvolved.uri.edu/organization/st-augustine,"
Subject: Proper Member Management & Campus-Wide Visibility for Chaplains Association

Hi there,

We're students here at URI and we've built **Bonded**, a campus-exclusive network designed specifically for student organizations like Chaplains Association.

We noticed that managing members and getting the word out about events across campus can be a challenge. With Bonded, you can:
- **Properly manage your members** in one dedicated space.
- **Sync your calendar and setup events** that are visible to the entire school in one centralized place.
- **Increase engagement** with students who are actually looking for organizations like yours.

We'd love to set up a quick meeting to show you how Chaplains Association can benefit from being on Bonded.

Best,
The Bonded Team (URI Students)
https://getbonded.app (Example Link)
"
"Public Health Club",publichealth@rhodysenate.org,https://urinvolved.uri.edu/organization/publichealthclub,"
Subject: Proper Member Management & Campus-Wide Visibility for Public Health Club

Hi there,

We're students here at URI and we've built **Bonded**, a campus-exclusive network designed specifically for student organizations like Public Health Club.

We noticed that managing members and getting the word out about events across campus can be a challenge. With Bonded, you can:
- **Properly manage your members** in one dedicated space.
- **Sync your calendar and setup events** that are visible to the entire school in one centralized place.
- **Increase engagement** with students who are actually looking for organizations like yours.

We'd love to set up a quick meeting to show you how Public Health Club can benefit from being on Bonded.

Best,
The Bonded Team (URI Students)
https://getbonded.app (Example Link)
"
"Graduate Student Association",GSA-email-group@uri.edu,https://urinvolved.uri.edu/organization/gsa,"
Subject: Proper Member Management & Campus-Wide Visibility for Graduate Student Association

Hi there,

We're students here at URI and we've built **Bonded**, a campus-exclusive network designed specifically for student organizations like Graduate Student Association.

We noticed that managing members and getting the word out about events across campus can be a challenge. With Bonded, you can:
- **Properly manage your members** in one dedicated space.
- **Sync your calendar and setup events** that are visible to the entire school in one centralized place.
- **Increase engagement** with students who are actually looking for organizations like yours.

We'd love to set up a quick meeting to show you how Graduate Student Association can benefit from being on Bonded.

Best,
The Bonded Team (URI Students)
https://getbonded.app (Example Link)
"
"Talent Development",tdnation@etal.uri.edu,https://urinvolved.uri.edu/organization/talent-development,"
Subject: Proper Member Management & Campus-Wide Visibility for Talent Development

Hi there,

We're students here at URI and we've built **Bonded**, a campus-exclusive network designed specifically for student organizations like Talent Development.

We noticed that managing members and getting the word out about events across campus can be a challenge. With Bonded, you can:
- **Properly manage your members** in one dedicated space.
- **Sync your calendar and setup events** that are visible to the entire school in one centralized place.
- **Increase engagement** with students who are actually looking for organizations like yours.

We'd love to set up a quick meeting to show you how Talent Development can benefit from being on Bonded.

Best,
The Bonded Team (URI Students)
https://getbonded.app (Example Link)
"
"OCD Mind Warriors",ocdmindwarriors@rhodysenate.org,https://urinvolved.uri.edu/organization/ocdmindwarriors,"
Subject: Proper Member Management & Campus-Wide Visibility for OCD Mind Warriors

Hi there,

We're students here at URI and we've built **Bonded**, a campus-exclusive network designed specifically for student organizations like OCD Mind Warriors.

We noticed that managing members and getting the word out about events across campus can be a challenge. With Bonded, you can:
- **Properly manage your members** in one dedicated space.
- **Sync your calendar and setup events** that are visible to the entire school in one centralized place.
- **Increase engagement** with students who are actually looking for organizations like yours.

We'd love to set up a quick meeting to show you how OCD Mind Warriors can benefit from being on Bonded.

Best,
The Bonded Team (URI Students)
https://getbonded.app (Example Link)
"
"Center for Student Leadership Development",leadership@etal.uri.edu,https://urinvolved.uri.edu/organization/csld,"
Subject: Proper Member Management & Campus-Wide Visibility for Center for Student Leadership Development

Hi there,

We're students here at URI and we've built **Bonded**, a campus-exclusive network designed specifically for student organizations like Center for Student Leadership Development.

We noticed that managing members and getting the word out about events across campus can be a challenge. With Bonded, you can:
- **Properly manage your members** in one dedicated space.
- **Sync your calendar and setup events** that are visible to the entire school in one centralized place.
- **Increase engagement** with students who are actually looking for organizations like yours.

We'd love to set up a quick meeting to show you how Center for Student Leadership Development can benefit from being on Bonded.

Best,
The Bonded Team (URI Students)
https://getbonded.app (Example Link)
"
"College of Pharmacy",sarah_gallo@uri.edu,https://urinvolved.uri.edu/organization/pharmacy,"
Subject: Proper Member Management & Campus-Wide Visibility for College of Pharmacy

Hi there,

We're students here at URI and we've built **Bonded**, a campus-exclusive network designed specifically for student organizations like College of Pharmacy.

We noticed that managing members and getting the word out about events across campus can be a challenge. With Bonded, you can:
- **Properly manage your members** in one dedicated space.
- **Sync your calendar and setup events** that are visible to the entire school in one centralized place.
- **Increase engagement** with students who are actually looking for organizations like yours.

We'd love to set up a quick meeting to show you how College of Pharmacy can benefit from being on Bonded.

Best,
The Bonded Team (URI Students)
https://getbonded.app (Example Link)
"
"American Society of Mechanical Engineers ",rhody.asme@gmail.com,https://urinvolved.uri.edu/organization/asme,"
Subject: Proper Member Management & Campus-Wide Visibility for American Society of Mechanical Engineers 

Hi there,

We're students here at URI and we've built **Bonded**, a campus-exclusive network designed specifically for student organizations like American Society of Mechanical Engineers .

We noticed that managing members and getting the word out about events across campus can be a challenge. With Bonded, you can:
- **Properly manage your members** in one dedicated space.
- **Sync your calendar and setup events** that are visible to the entire school in one centralized place.
- **Increase engagement** with students who are actually looking for organizations like yours.

We'd love to set up a quick meeting to show you how American Society of Mechanical Engineers  can benefit from being on Bonded.

Best,
The Bonded Team (URI Students)
https://getbonded.app (Example Link)
"
"Club Track and Field (URI STUDENT SENATE)",trackandfield@rhodysenate.org,https://urinvolved.uri.edu/organization/clubtrack,"
Subject: Proper Member Management & Campus-Wide Visibility for Club Track and Field (URI STUDENT SENATE)

Hi there,

We're students here at URI and we've built **Bonded**, a campus-exclusive network designed specifically for student organizations like Club Track and Field (URI STUDENT SENATE).

We noticed that managing members and getting the word out about events across campus can be a challenge. With Bonded, you can:
- **Properly manage your members** in one dedicated space.
- **Sync your calendar and setup events** that are visible to the entire school in one centralized place.
- **Increase engagement** with students who are actually looking for organizations like yours.

We'd love to set up a quick meeting to show you how Club Track and Field (URI STUDENT SENATE) can benefit from being on Bonded.

Best,
The Bonded Team (URI Students)
https://getbonded.app (Example Link)
"
"Cape Verdean Student Association (URI STUDENT SENATE)",cvsa@rhodysenate.org,https://urinvolved.uri.edu/organization/cvsa,"
Subject: Proper Member Management & Campus-Wide Visibility for Cape Verdean Student Association (URI STUDENT SENATE)

Hi there,

We're students here at URI and we've built **Bonded**, a campus-exclusive network designed specifically for student organizations like Cape Verdean Student Association (URI STUDENT SENATE).

We noticed that managing members and getting the word out about events across campus can be a challenge. With Bonded, you can:
- **Properly manage your members** in one dedicated space.
- **Sync your calendar and setup events** that are visible to the entire school in one centralized place.
- **Increase engagement** with students who are actually looking for organizations like yours.

We'd love to set up a quick meeting to show you how Cape Verdean Student Association (URI STUDENT SENATE) can benefit from being on Bonded.

Best,
The Bonded Team (URI Students)
https://getbonded.app (Example Link)
"
"URI Mock Trial Club (URI STUDENT SENATE)",mocktrial@rhodysenate.org,https://urinvolved.uri.edu/organization/urimocktrialteam,"
Subject: Proper Member Management & Campus-Wide Visibility for URI Mock Trial Club (URI STUDENT SENATE)

Hi there,

We're students here at URI and we've built **Bonded**, a campus-exclusive network designed specifically for student organizations like URI Mock Trial Club (URI STUDENT SENATE).

We noticed that managing members and getting the word out about events across campus can be a challenge. With Bonded, you can:
- **Properly manage your members** in one dedicated space.
- **Sync your calendar and setup events** that are visible to the entire school in one centralized place.
- **Increase engagement** with students who are actually looking for organizations like yours.

We'd love to set up a quick meeting to show you how URI Mock Trial Club (URI STUDENT SENATE) can benefit from being on Bonded.

Best,
The Bonded Team (URI Students)
https://getbonded.app (Example Link)
"
"Outing Club (URI STUDENT SENATE)",outing@rhodysenate.org,https://urinvolved.uri.edu/organization/outing,"
Subject: Proper Member Management & Campus-Wide Visibility for Outing Club (URI STUDENT SENATE)

Hi there,

We're students here at URI and we've built **Bonded**, a campus-exclusive network designed specifically for student organizations like Outing Club (URI STUDENT SENATE).

We noticed that managing members and getting the word out about events across campus can be a challenge. With Bonded, you can:
- **Properly manage your members** in one dedicated space.
- **Sync your calendar and setup events** that are visible to the entire school in one centralized place.
- **Increase engagement** with students who are actually looking for organizations like yours.

We'd love to set up a quick meeting to show you how Outing Club (URI STUDENT SENATE) can benefit from being on Bonded.

Best,
The Bonded Team (URI Students)
https://getbonded.app (Example Link)
"
"American Marketing Association",amarody@gmail.com,https://urinvolved.uri.edu/organization/ama,"
Subject: Proper Member Management & Campus-Wide Visibility for American Marketing Association

Hi there,

We're students here at URI and we've built **Bonded**, a campus-exclusive network designed specifically for student organizations like American Marketing Association.

We noticed that managing members and getting the word out about events across campus can be a challenge. With Bonded, you can:
- **Properly manage your members** in one dedicated space.
- **Sync your calendar and setup events** that are visible to the entire school in one centralized place.
- **Increase engagement** with students who are actually looking for organizations like yours.

We'd love to set up a quick meeting to show you how American Marketing Association can benefit from being on Bonded.

Best,
The Bonded Team (URI Students)
https://getbonded.app (Example Link)
"
"URI Sailing Club (URI STUDENT SENATE)",sailing@rhodysenate.org,https://urinvolved.uri.edu/organization/urisailingclub,"
Subject: Proper Member Management & Campus-Wide Visibility for URI Sailing Club (URI STUDENT SENATE)

Hi there,

We're students here at URI and we've built **Bonded**, a campus-exclusive network designed specifically for student organizations like URI Sailing Club (URI STUDENT SENATE).

We noticed that managing members and getting the word out about events across campus can be a challenge. With Bonded, you can:
- **Properly manage your members** in one dedicated space.
- **Sync your calendar and setup events** that are visible to the entire school in one centralized place.
- **Increase engagement** with students who are actually looking for organizations like yours.

We'd love to set up a quick meeting to show you how URI Sailing Club (URI STUDENT SENATE) can benefit from being on Bonded.

Best,
The Bonded Team (URI Students)
https://getbonded.app (Example Link)
"
"RhodyThon (URI STUDENT SENATE)",rhodython@rhodysenate.org,https://urinvolved.uri.edu/organization/rhodython,"
Subject: Proper Member Management & Campus-Wide Visibility for RhodyThon (URI STUDENT SENATE)

Hi there,

We're students here at URI and we've built **Bonded**, a campus-exclusive network designed specifically for student organizations like RhodyThon (URI STUDENT SENATE).

We noticed that managing members and getting the word out about events across campus can be a challenge. With Bonded, you can:
- **Properly manage your members** in one dedicated space.
- **Sync your calendar and setup events** that are visible to the entire school in one centralized place.
- **Increase engagement** with students who are actually looking for organizations like yours.

We'd love to set up a quick meeting to show you how RhodyThon (URI STUDENT SENATE) can benefit from being on Bonded.

Best,
The Bonded Team (URI Students)
https://getbonded.app (Example Link)
"
"Surf Club (URI STUDENT SENATE)",surf@rhodysenate.org,https://urinvolved.uri.edu/organization/surfclub,"
Subject: Proper Member Management & Campus-Wide Visibility for Surf Club (URI STUDENT SENATE)

Hi there,

We're students here at URI and we've built **Bonded**, a campus-exclusive network designed specifically for student organizations like Surf Club (URI STUDENT SENATE).

We noticed that managing members and getting the word out about events across campus can be a challenge. With Bonded, you can:
- **Properly manage your members** in one dedicated space.
- **Sync your calendar and setup events** that are visible to the entire school in one centralized place.
- **Increase engagement** with students who are actually looking for organizations like yours.

We'd love to set up a quick meeting to show you how Surf Club (URI STUDENT SENATE) can benefit from being on Bonded.

Best,
The Bonded Team (URI Students)
https://getbonded.app (Example Link)
"
"The Rhody Exchange (URI STUDENT SENATE)",rhodyexchange@rhodysenate.org,https://urinvolved.uri.edu/organization/rhodyexchange,"
Subject: Proper Member Management & Campus-Wide Visibility for The Rhody Exchange (URI STUDENT SENATE)

Hi there,

We're students here at URI and we've built **Bonded**, a campus-exclusive network designed specifically for student organizations like The Rhody Exchange (URI STUDENT SENATE).

We noticed that managing members and getting the word out about events across campus can be a challenge. With Bonded, you can:
- **Properly manage your members** in one dedicated space.
- **Sync your calendar and setup events** that are visible to the entire school in one centralized place.
- **Increase engagement** with students who are actually looking for organizations like yours.

We'd love to set up a quick meeting to show you how The Rhody Exchange (URI STUDENT SENATE) can benefit from being on Bonded.

Best,
The Bonded Team (URI Students)
https://getbonded.app (Example Link)
"
"Students Actively Volunteering and Engaging In Service (S.A.V.E.S.) - (URI STUDENT SENATE)",uri.saves@gmail.com,https://urinvolved.uri.edu/organization/saves,"
Subject: Proper Member Management & Campus-Wide Visibility for Students Actively Volunteering and Engaging In Service (S.A.V.E.S.) - (URI STUDENT SENATE)

Hi there,

We're students here at URI and we've built **Bonded**, a campus-exclusive network designed specifically for student organizations like Students Actively Volunteering and Engaging In Service (S.A.V.E.S.) - (URI STUDENT SENATE).

We noticed that managing members and getting the word out about events across campus can be a challenge. With Bonded, you can:
- **Properly manage your members** in one dedicated space.
- **Sync your calendar and setup events** that are visible to the entire school in one centralized place.
- **Increase engagement** with students who are actually looking for organizations like yours.

We'd love to set up a quick meeting to show you how Students Actively Volunteering and Engaging In Service (S.A.V.E.S.) - (URI STUDENT SENATE) can benefit from being on Bonded.

Best,
The Bonded Team (URI Students)
https://getbonded.app (Example Link)
"
"Center for Career & Experiential Education",hvhernandez@uri.edu,https://urinvolved.uri.edu/organization/career_center,"
Subject: Proper Member Management & Campus-Wide Visibility for Center for Career & Experiential Education

Hi there,

We're students here at URI and we've built **Bonded**, a campus-exclusive network designed specifically for student organizations like Center for Career & Experiential Education.

We noticed that managing members and getting the word out about events across campus can be a challenge. With Bonded, you can:
- **Properly manage your members** in one dedicated space.
- **Sync your calendar and setup events** that are visible to the entire school in one centralized place.
- **Increase engagement** with students who are actually looking for organizations like yours.

We'd love to set up a quick meeting to show you how Center for Career & Experiential Education can benefit from being on Bonded.

Best,
The Bonded Team (URI Students)
https://getbonded.app (Example Link)
"
"Student Organization Leadership Consultants (SOLC) - (URI STUDENT SENATE)",solc@rhodysenate.org,https://urinvolved.uri.edu/organization/solc,"
Subject: Proper Member Management & Campus-Wide Visibility for Student Organization Leadership Consultants (SOLC) - (URI STUDENT SENATE)

Hi there,

We're students here at URI and we've built **Bonded**, a campus-exclusive network designed specifically for student organizations like Student Organization Leadership Consultants (SOLC) - (URI STUDENT SENATE).

We noticed that managing members and getting the word out about events across campus can be a challenge. With Bonded, you can:
- **Properly manage your members** in one dedicated space.
- **Sync your calendar and setup events** that are visible to the entire school in one centralized place.
- **Increase engagement** with students who are actually looking for organizations like yours.

We'd love to set up a quick meeting to show you how Student Organization Leadership Consultants (SOLC) - (URI STUDENT SENATE) can benefit from being on Bonded.

Best,
The Bonded Team (URI Students)
https://getbonded.app (Example Link)
"
"Rhody Rifle Club (URI STUDENT SENATE)",rhodyrifle@rhodysenate.org,https://urinvolved.uri.edu/organization/rhody-rifle,"
Subject: Proper Member Management & Campus-Wide Visibility for Rhody Rifle Club (URI STUDENT SENATE)

Hi there,

We're students here at URI and we've built **Bonded**, a campus-exclusive network designed specifically for student organizations like Rhody Rifle Club (URI STUDENT SENATE).

We noticed that managing members and getting the word out about events across campus can be a challenge. With Bonded, you can:
- **Properly manage your members** in one dedicated space.
- **Sync your calendar and setup events** that are visible to the entire school in one centralized place.
- **Increase engagement** with students who are actually looking for organizations like yours.

We'd love to set up a quick meeting to show you how Rhody Rifle Club (URI STUDENT SENATE) can benefit from being on Bonded.

Best,
The Bonded Team (URI Students)
https://getbonded.app (Example Link)
"
"Delta Sigma Pi",urideltasigmapi@gmail.com,https://urinvolved.uri.edu/organization/dsp,"
Subject: Proper Member Management & Campus-Wide Visibility for Delta Sigma Pi

Hi there,

We're students here at URI and we've built **Bonded**, a campus-exclusive network designed specifically for student organizations like Delta Sigma Pi.

We noticed that managing members and getting the word out about events across campus can be a challenge. With Bonded, you can:
- **Properly manage your members** in one dedicated space.
- **Sync your calendar and setup events** that are visible to the entire school in one centralized place.
- **Increase engagement** with students who are actually looking for organizations like yours.

We'd love to set up a quick meeting to show you how Delta Sigma Pi can benefit from being on Bonded.

Best,
The Bonded Team (URI Students)
https://getbonded.app (Example Link)
"
"URI Crew Club",clubcrew@etal.uri.edu,https://urinvolved.uri.edu/organization/rowing,"
Subject: Proper Member Management & Campus-Wide Visibility for URI Crew Club

Hi there,

We're students here at URI and we've built **Bonded**, a campus-exclusive network designed specifically for student organizations like URI Crew Club.

We noticed that managing members and getting the word out about events across campus can be a challenge. With Bonded, you can:
- **Properly manage your members** in one dedicated space.
- **Sync your calendar and setup events** that are visible to the entire school in one centralized place.
- **Increase engagement** with students who are actually looking for organizations like yours.

We'd love to set up a quick meeting to show you how URI Crew Club can benefit from being on Bonded.

Best,
The Bonded Team (URI Students)
https://getbonded.app (Example Link)
"
"Rams Alliance for Dreamers",rad@rhodysenate.org,https://urinvolved.uri.edu/organization/rams-alliance,"
Subject: Proper Member Management & Campus-Wide Visibility for Rams Alliance for Dreamers

Hi there,

We're students here at URI and we've built **Bonded**, a campus-exclusive network designed specifically for student organizations like Rams Alliance for Dreamers.

We noticed that managing members and getting the word out about events across campus can be a challenge. With Bonded, you can:
- **Properly manage your members** in one dedicated space.
- **Sync your calendar and setup events** that are visible to the entire school in one centralized place.
- **Increase engagement** with students who are actually looking for organizations like yours.

We'd love to set up a quick meeting to show you how Rams Alliance for Dreamers can benefit from being on Bonded.

Best,
The Bonded Team (URI Students)
https://getbonded.app (Example Link)
"
"Medical Laboratory Science Club",urimlsclub@gmail.com,https://urinvolved.uri.edu/organization/mlsclub,"
Subject: Proper Member Management & Campus-Wide Visibility for Medical Laboratory Science Club

Hi there,

We're students here at URI and we've built **Bonded**, a campus-exclusive network designed specifically for student organizations like Medical Laboratory Science Club.

We noticed that managing members and getting the word out about events across campus can be a challenge. With Bonded, you can:
- **Properly manage your members** in one dedicated space.
- **Sync your calendar and setup events** that are visible to the entire school in one centralized place.
- **Increase engagement** with students who are actually looking for organizations like yours.

We'd love to set up a quick meeting to show you how Medical Laboratory Science Club can benefit from being on Bonded.

Best,
The Bonded Team (URI Students)
https://getbonded.app (Example Link)
"
"Office of Civic Engagement and Action",alicia.vignalihenry@uri.edu,https://urinvolved.uri.edu/organization/civic-engagement-action,"
Subject: Proper Member Management & Campus-Wide Visibility for Office of Civic Engagement and Action

Hi there,

We're students here at URI and we've built **Bonded**, a campus-exclusive network designed specifically for student organizations like Office of Civic Engagement and Action.

We noticed that managing members and getting the word out about events across campus can be a challenge. With Bonded, you can:
- **Properly manage your members** in one dedicated space.
- **Sync your calendar and setup events** that are visible to the entire school in one centralized place.
- **Increase engagement** with students who are actually looking for organizations like yours.

We'd love to set up a quick meeting to show you how Office of Civic Engagement and Action can benefit from being on Bonded.

Best,
The Bonded Team (URI Students)
https://getbonded.app (Example Link)
"
"Ryan Center / Boss Ice Arena",candler.harris@uri.edu,https://urinvolved.uri.edu/organization/athletics,"
Subject: Proper Member Management & Campus-Wide Visibility for Ryan Center / Boss Ice Arena

Hi there,

We're students here at URI and we've built **Bonded**, a campus-exclusive network designed specifically for student organizations like Ryan Center / Boss Ice Arena.

We noticed that managing members and getting the word out about events across campus can be a challenge. With Bonded, you can:
- **Properly manage your members** in one dedicated space.
- **Sync your calendar and setup events** that are visible to the entire school in one centralized place.
- **Increase engagement** with students who are actually looking for organizations like yours.

We'd love to set up a quick meeting to show you how Ryan Center / Boss Ice Arena can benefit from being on Bonded.

Best,
The Bonded Team (URI Students)
https://getbonded.app (Example Link)
"
"African Student Organization (URI STUDENT SENATE)",aso@rhodysenate.org,https://urinvolved.uri.edu/organization/aso,"
Subject: Proper Member Management & Campus-Wide Visibility for African Student Organization (URI STUDENT SENATE)

Hi there,

We're students here at URI and we've built **Bonded**, a campus-exclusive network designed specifically for student organizations like African Student Organization (URI STUDENT SENATE).

We noticed that managing members and getting the word out about events across campus can be a challenge. With Bonded, you can:
- **Properly manage your members** in one dedicated space.
- **Sync your calendar and setup events** that are visible to the entire school in one centralized place.
- **Increase engagement** with students who are actually looking for organizations like yours.

We'd love to set up a quick meeting to show you how African Student Organization (URI STUDENT SENATE) can benefit from being on Bonded.

Best,
The Bonded Team (URI Students)
https://getbonded.app (Example Link)
"
"Bird Watching Club (URI STUDENT SENATE)",birdwatching@rhodysenate.org,https://urinvolved.uri.edu/organization/birdwatching,"
Subject: Proper Member Management & Campus-Wide Visibility for Bird Watching Club (URI STUDENT SENATE)

Hi there,

We're students here at URI and we've built **Bonded**, a campus-exclusive network designed specifically for student organizations like Bird Watching Club (URI STUDENT SENATE).

We noticed that managing members and getting the word out about events across campus can be a challenge. With Bonded, you can:
- **Properly manage your members** in one dedicated space.
- **Sync your calendar and setup events** that are visible to the entire school in one centralized place.
- **Increase engagement** with students who are actually looking for organizations like yours.

We'd love to set up a quick meeting to show you how Bird Watching Club (URI STUDENT SENATE) can benefit from being on Bonded.

Best,
The Bonded Team (URI Students)
https://getbonded.app (Example Link)
"
"Society of Women Engineers (PENDING AFFILIATE/ACADEMIC)",rhodyswe@gmail.com,https://urinvolved.uri.edu/organization/swe,"
Subject: Proper Member Management & Campus-Wide Visibility for Society of Women Engineers (PENDING AFFILIATE/ACADEMIC)

Hi there,

We're students here at URI and we've built **Bonded**, a campus-exclusive network designed specifically for student organizations like Society of Women Engineers (PENDING AFFILIATE/ACADEMIC).

We noticed that managing members and getting the word out about events across campus can be a challenge. With Bonded, you can:
- **Properly manage your members** in one dedicated space.
- **Sync your calendar and setup events** that are visible to the entire school in one centralized place.
- **Increase engagement** with students who are actually looking for organizations like yours.

We'd love to set up a quick meeting to show you how Society of Women Engineers (PENDING AFFILIATE/ACADEMIC) can benefit from being on Bonded.

Best,
The Bonded Team (URI Students)
https://getbonded.app (Example Link)
"
"College Democrats (URI STUDENT SENATE)",democrats@etal.uri.edu,https://urinvolved.uri.edu/organization/democrats,"
Subject: Proper Member Management & Campus-Wide Visibility for College Democrats (URI STUDENT SENATE)

Hi there,

We're students here at URI and we've built **Bonded**, a campus-exclusive network designed specifically for student organizations like College Democrats (URI STUDENT SENATE).

We noticed that managing members and getting the word out about events across campus can be a challenge. With Bonded, you can:
- **Properly manage your members** in one dedicated space.
- **Sync your calendar and setup events** that are visible to the entire school in one centralized place.
- **Increase engagement** with students who are actually looking for organizations like yours.

We'd love to set up a quick meeting to show you how College Democrats (URI STUDENT SENATE) can benefit from being on Bonded.

Best,
The Bonded Team (URI Students)
https://getbonded.app (Example Link)
"
"Italian Club (URI STUDENT SENATE)",italianclub@rhodysenate.org,https://urinvolved.uri.edu/organization/italianclub,"
Subject: Proper Member Management & Campus-Wide Visibility for Italian Club (URI STUDENT SENATE)

Hi there,

We're students here at URI and we've built **Bonded**, a campus-exclusive network designed specifically for student organizations like Italian Club (URI STUDENT SENATE).

We noticed that managing members and getting the word out about events across campus can be a challenge. With Bonded, you can:
- **Properly manage your members** in one dedicated space.
- **Sync your calendar and setup events** that are visible to the entire school in one centralized place.
- **Increase engagement** with students who are actually looking for organizations like yours.

We'd love to set up a quick meeting to show you how Italian Club (URI STUDENT SENATE) can benefit from being on Bonded.

Best,
The Bonded Team (URI Students)
https://getbonded.app (Example Link)
"
"Geology Club (URI Student Senate)",urigeoclub@gmail.com,https://urinvolved.uri.edu/organization/geology,"
Subject: Proper Member Management & Campus-Wide Visibility for Geology Club (URI Student Senate)

Hi there,

We're students here at URI and we've built **Bonded**, a campus-exclusive network designed specifically for student organizations like Geology Club (URI Student Senate).

We noticed that managing members and getting the word out about events across campus can be a challenge. With Bonded, you can:
- **Properly manage your members** in one dedicated space.
- **Sync your calendar and setup events** that are visible to the entire school in one centralized place.
- **Increase engagement** with students who are actually looking for organizations like yours.

We'd love to set up a quick meeting to show you how Geology Club (URI Student Senate) can benefit from being on Bonded.

Best,
The Bonded Team (URI Students)
https://getbonded.app (Example Link)
"
"URI Habitat for Humanity (URI STUDENT SENATE)",urihabitat@gmail.com,https://urinvolved.uri.edu/organization/habitat,"
Subject: Proper Member Management & Campus-Wide Visibility for URI Habitat for Humanity (URI STUDENT SENATE)

Hi there,

We're students here at URI and we've built **Bonded**, a campus-exclusive network designed specifically for student organizations like URI Habitat for Humanity (URI STUDENT SENATE).

We noticed that managing members and getting the word out about events across campus can be a challenge. With Bonded, you can:
- **Properly manage your members** in one dedicated space.
- **Sync your calendar and setup events** that are visible to the entire school in one centralized place.
- **Increase engagement** with students who are actually looking for organizations like yours.

We'd love to set up a quick meeting to show you how URI Habitat for Humanity (URI STUDENT SENATE) can benefit from being on Bonded.

Best,
The Bonded Team (URI Students)
https://getbonded.app (Example Link)
"
"URI Scuba Club (URI STUDENT SENATE)",scubaclub@rhodysenate.org,https://urinvolved.uri.edu/organization/scuba,"
Subject: Proper Member Management & Campus-Wide Visibility for URI Scuba Club (URI STUDENT SENATE)

Hi there,

We're students here at URI and we've built **Bonded**, a campus-exclusive network designed specifically for student organizations like URI Scuba Club (URI STUDENT SENATE).

We noticed that managing members and getting the word out about events across campus can be a challenge. With Bonded, you can:
- **Properly manage your members** in one dedicated space.
- **Sync your calendar and setup events** that are visible to the entire school in one centralized place.
- **Increase engagement** with students who are actually looking for organizations like yours.

We'd love to set up a quick meeting to show you how URI Scuba Club (URI STUDENT SENATE) can benefit from being on Bonded.

Best,
The Bonded Team (URI Students)
https://getbonded.app (Example Link)
"
"Rhody Round-up Line Dancing (URI STUDENT SENATE)",linedancing@rhodysenate.org,https://urinvolved.uri.edu/organization/linedancing,"
Subject: Proper Member Management & Campus-Wide Visibility for Rhody Round-up Line Dancing (URI STUDENT SENATE)

Hi there,

We're students here at URI and we've built **Bonded**, a campus-exclusive network designed specifically for student organizations like Rhody Round-up Line Dancing (URI STUDENT SENATE).

We noticed that managing members and getting the word out about events across campus can be a challenge. With Bonded, you can:
- **Properly manage your members** in one dedicated space.
- **Sync your calendar and setup events** that are visible to the entire school in one centralized place.
- **Increase engagement** with students who are actually looking for organizations like yours.

We'd love to set up a quick meeting to show you how Rhody Round-up Line Dancing (URI STUDENT SENATE) can benefit from being on Bonded.

Best,
The Bonded Team (URI Students)
https://getbonded.app (Example Link)
"
"Student Investment Fund",charles_reilly@uri.edu,https://urinvolved.uri.edu/organization/urisif,"
Subject: Proper Member Management & Campus-Wide Visibility for Student Investment Fund

Hi there,

We're students here at URI and we've built **Bonded**, a campus-exclusive network designed specifically for student organizations like Student Investment Fund.

We noticed that managing members and getting the word out about events across campus can be a challenge. With Bonded, you can:
- **Properly manage your members** in one dedicated space.
- **Sync your calendar and setup events** that are visible to the entire school in one centralized place.
- **Increase engagement** with students who are actually looking for organizations like yours.

We'd love to set up a quick meeting to show you how Student Investment Fund can benefit from being on Bonded.

Best,
The Bonded Team (URI Students)
https://getbonded.app (Example Link)
"
"The Fashion Merchandising Society ",fms@rhodysenate.org,https://urinvolved.uri.edu/organization/fms_uri,"
Subject: Proper Member Management & Campus-Wide Visibility for The Fashion Merchandising Society 

Hi there,

We're students here at URI and we've built **Bonded**, a campus-exclusive network designed specifically for student organizations like The Fashion Merchandising Society .

We noticed that managing members and getting the word out about events across campus can be a challenge. With Bonded, you can:
- **Properly manage your members** in one dedicated space.
- **Sync your calendar and setup events** that are visible to the entire school in one centralized place.
- **Increase engagement** with students who are actually looking for organizations like yours.

We'd love to set up a quick meeting to show you how The Fashion Merchandising Society  can benefit from being on Bonded.

Best,
The Bonded Team (URI Students)
https://getbonded.app (Example Link)
"
"URI Counseling Center",ccalise@uri.edu,https://urinvolved.uri.edu/organization/counseling,"
Subject: Proper Member Management & Campus-Wide Visibility for URI Counseling Center

Hi there,

We're students here at URI and we've built **Bonded**, a campus-exclusive network designed specifically for student organizations like URI Counseling Center.

We noticed that managing members and getting the word out about events across campus can be a challenge. With Bonded, you can:
- **Properly manage your members** in one dedicated space.
- **Sync your calendar and setup events** that are visible to the entire school in one centralized place.
- **Increase engagement** with students who are actually looking for organizations like yours.

We'd love to set up a quick meeting to show you how URI Counseling Center can benefit from being on Bonded.

Best,
The Bonded Team (URI Students)
https://getbonded.app (Example Link)
"
"Honors Program",urihonors@etal.uri.edu,https://urinvolved.uri.edu/organization/honors,"
Subject: Proper Member Management & Campus-Wide Visibility for Honors Program

Hi there,

We're students here at URI and we've built **Bonded**, a campus-exclusive network designed specifically for student organizations like Honors Program.

We noticed that managing members and getting the word out about events across campus can be a challenge. With Bonded, you can:
- **Properly manage your members** in one dedicated space.
- **Sync your calendar and setup events** that are visible to the entire school in one centralized place.
- **Increase engagement** with students who are actually looking for organizations like yours.

We'd love to set up a quick meeting to show you how Honors Program can benefit from being on Bonded.

Best,
The Bonded Team (URI Students)
https://getbonded.app (Example Link)
"
"Rhody Racing",urisae@etal.uri.edu,https://urinvolved.uri.edu/organization/formula-sae,"
Subject: Proper Member Management & Campus-Wide Visibility for Rhody Racing

Hi there,

We're students here at URI and we've built **Bonded**, a campus-exclusive network designed specifically for student organizations like Rhody Racing.

We noticed that managing members and getting the word out about events across campus can be a challenge. With Bonded, you can:
- **Properly manage your members** in one dedicated space.
- **Sync your calendar and setup events** that are visible to the entire school in one centralized place.
- **Increase engagement** with students who are actually looking for organizations like yours.

We'd love to set up a quick meeting to show you how Rhody Racing can benefit from being on Bonded.

Best,
The Bonded Team (URI Students)
https://getbonded.app (Example Link)
"
"Association of Latino Professionals For America",aliralozano@uri.edu,https://urinvolved.uri.edu/organization/alpfa,"
Subject: Proper Member Management & Campus-Wide Visibility for Association of Latino Professionals For America

Hi there,

We're students here at URI and we've built **Bonded**, a campus-exclusive network designed specifically for student organizations like Association of Latino Professionals For America.

We noticed that managing members and getting the word out about events across campus can be a challenge. With Bonded, you can:
- **Properly manage your members** in one dedicated space.
- **Sync your calendar and setup events** that are visible to the entire school in one centralized place.
- **Increase engagement** with students who are actually looking for organizations like yours.

We'd love to set up a quick meeting to show you how Association of Latino Professionals For America can benefit from being on Bonded.

Best,
The Bonded Team (URI Students)
https://getbonded.app (Example Link)
"
"American Association of Textile Chemists and Colorists URI Student Chapter",rae.koch@uri.edu,https://urinvolved.uri.edu/organization/aatcc,"
Subject: Proper Member Management & Campus-Wide Visibility for American Association of Textile Chemists and Colorists URI Student Chapter

Hi there,

We're students here at URI and we've built **Bonded**, a campus-exclusive network designed specifically for student organizations like American Association of Textile Chemists and Colorists URI Student Chapter.

We noticed that managing members and getting the word out about events across campus can be a challenge. With Bonded, you can:
- **Properly manage your members** in one dedicated space.
- **Sync your calendar and setup events** that are visible to the entire school in one centralized place.
- **Increase engagement** with students who are actually looking for organizations like yours.

We'd love to set up a quick meeting to show you how American Association of Textile Chemists and Colorists URI Student Chapter can benefit from being on Bonded.

Best,
The Bonded Team (URI Students)
https://getbonded.app (Example Link)
"
"Chinese Games Club (URI STUDENT SENATE)",chinesegames@rhodysenate.org,https://urinvolved.uri.edu/organization/urichinesegamesclub,"
Subject: Proper Member Management & Campus-Wide Visibility for Chinese Games Club (URI STUDENT SENATE)

Hi there,

We're students here at URI and we've built **Bonded**, a campus-exclusive network designed specifically for student organizations like Chinese Games Club (URI STUDENT SENATE).

We noticed that managing members and getting the word out about events across campus can be a challenge. With Bonded, you can:
- **Properly manage your members** in one dedicated space.
- **Sync your calendar and setup events** that are visible to the entire school in one centralized place.
- **Increase engagement** with students who are actually looking for organizations like yours.

We'd love to set up a quick meeting to show you how Chinese Games Club (URI STUDENT SENATE) can benefit from being on Bonded.

Best,
The Bonded Team (URI Students)
https://getbonded.app (Example Link)
"
"The Lego Club (URI STUDENT SENATE)",legoclub@rhodysenate.org,https://urinvolved.uri.edu/organization/legoclub,"
Subject: Proper Member Management & Campus-Wide Visibility for The Lego Club (URI STUDENT SENATE)

Hi there,

We're students here at URI and we've built **Bonded**, a campus-exclusive network designed specifically for student organizations like The Lego Club (URI STUDENT SENATE).

We noticed that managing members and getting the word out about events across campus can be a challenge. With Bonded, you can:
- **Properly manage your members** in one dedicated space.
- **Sync your calendar and setup events** that are visible to the entire school in one centralized place.
- **Increase engagement** with students who are actually looking for organizations like yours.

We'd love to set up a quick meeting to show you how The Lego Club (URI STUDENT SENATE) can benefit from being on Bonded.

Best,
The Bonded Team (URI Students)
https://getbonded.app (Example Link)
"
"NORD Students for Rare (URI STUDENT SENATE)",rhodysenate@uri.edu,https://urinvolved.uri.edu/organization/nordrare,"
Subject: Proper Member Management & Campus-Wide Visibility for NORD Students for Rare (URI STUDENT SENATE)

Hi there,

We're students here at URI and we've built **Bonded**, a campus-exclusive network designed specifically for student organizations like NORD Students for Rare (URI STUDENT SENATE).

We noticed that managing members and getting the word out about events across campus can be a challenge. With Bonded, you can:
- **Properly manage your members** in one dedicated space.
- **Sync your calendar and setup events** that are visible to the entire school in one centralized place.
- **Increase engagement** with students who are actually looking for organizations like yours.

We'd love to set up a quick meeting to show you how NORD Students for Rare (URI STUDENT SENATE) can benefit from being on Bonded.

Best,
The Bonded Team (URI Students)
https://getbonded.app (Example Link)
"
"Powerful Independent Notoriously Knowledgeable Women (PINK) (URI STUDENT SENATE)",pinkwomen@rhodysenate.org,https://urinvolved.uri.edu/organization/pink,"
Subject: Proper Member Management & Campus-Wide Visibility for Powerful Independent Notoriously Knowledgeable Women (PINK) (URI STUDENT SENATE)

Hi there,

We're students here at URI and we've built **Bonded**, a campus-exclusive network designed specifically for student organizations like Powerful Independent Notoriously Knowledgeable Women (PINK) (URI STUDENT SENATE).

We noticed that managing members and getting the word out about events across campus can be a challenge. With Bonded, you can:
- **Properly manage your members** in one dedicated space.
- **Sync your calendar and setup events** that are visible to the entire school in one centralized place.
- **Increase engagement** with students who are actually looking for organizations like yours.

We'd love to set up a quick meeting to show you how Powerful Independent Notoriously Knowledgeable Women (PINK) (URI STUDENT SENATE) can benefit from being on Bonded.

Best,
The Bonded Team (URI Students)
https://getbonded.app (Example Link)
"
"Neuroscience Club (URI STUDENT SENATE)",neuroscience@rhodysenate.org,https://urinvolved.uri.edu/organization/neuroscienceclub,"
Subject: Proper Member Management & Campus-Wide Visibility for Neuroscience Club (URI STUDENT SENATE)

Hi there,

We're students here at URI and we've built **Bonded**, a campus-exclusive network designed specifically for student organizations like Neuroscience Club (URI STUDENT SENATE).

We noticed that managing members and getting the word out about events across campus can be a challenge. With Bonded, you can:
- **Properly manage your members** in one dedicated space.
- **Sync your calendar and setup events** that are visible to the entire school in one centralized place.
- **Increase engagement** with students who are actually looking for organizations like yours.

We'd love to set up a quick meeting to show you how Neuroscience Club (URI STUDENT SENATE) can benefit from being on Bonded.

Best,
The Bonded Team (URI Students)
https://getbonded.app (Example Link)
"
"Psychology Club (URI STUDENT SENATE)",abongiovanni@uri.edu,https://urinvolved.uri.edu/organization/psychology-club,"
Subject: Proper Member Management & Campus-Wide Visibility for Psychology Club (URI STUDENT SENATE)

Hi there,

We're students here at URI and we've built **Bonded**, a campus-exclusive network designed specifically for student organizations like Psychology Club (URI STUDENT SENATE).

We noticed that managing members and getting the word out about events across campus can be a challenge. With Bonded, you can:
- **Properly manage your members** in one dedicated space.
- **Sync your calendar and setup events** that are visible to the entire school in one centralized place.
- **Increase engagement** with students who are actually looking for organizations like yours.

We'd love to set up a quick meeting to show you how Psychology Club (URI STUDENT SENATE) can benefit from being on Bonded.

Best,
The Bonded Team (URI Students)
https://getbonded.app (Example Link)
"
"WRIU 90.3 FM Radio (URI STUDENT SENATE)",kggood9@uri.edu,https://urinvolved.uri.edu/organization/wriu,"
Subject: Proper Member Management & Campus-Wide Visibility for WRIU 90.3 FM Radio (URI STUDENT SENATE)

Hi there,

We're students here at URI and we've built **Bonded**, a campus-exclusive network designed specifically for student organizations like WRIU 90.3 FM Radio (URI STUDENT SENATE).

We noticed that managing members and getting the word out about events across campus can be a challenge. With Bonded, you can:
- **Properly manage your members** in one dedicated space.
- **Sync your calendar and setup events** that are visible to the entire school in one centralized place.
- **Increase engagement** with students who are actually looking for organizations like yours.

We'd love to set up a quick meeting to show you how WRIU 90.3 FM Radio (URI STUDENT SENATE) can benefit from being on Bonded.

Best,
The Bonded Team (URI Students)
https://getbonded.app (Example Link)
"
"Timmy Global Health (URI STUDENT SENATE)",timmyglobal@rhodysenate.org,https://urinvolved.uri.edu/organization/timmy-global-health,"
Subject: Proper Member Management & Campus-Wide Visibility for Timmy Global Health (URI STUDENT SENATE)

Hi there,

We're students here at URI and we've built **Bonded**, a campus-exclusive network designed specifically for student organizations like Timmy Global Health (URI STUDENT SENATE).

We noticed that managing members and getting the word out about events across campus can be a challenge. With Bonded, you can:
- **Properly manage your members** in one dedicated space.
- **Sync your calendar and setup events** that are visible to the entire school in one centralized place.
- **Increase engagement** with students who are actually looking for organizations like yours.

We'd love to set up a quick meeting to show you how Timmy Global Health (URI STUDENT SENATE) can benefit from being on Bonded.

Best,
The Bonded Team (URI Students)
https://getbonded.app (Example Link)
"
"Rhody Rhapsodies (URI STUDENT SENATE)",rhodyrhapsodyuri@gmail.com,https://urinvolved.uri.edu/organization/rhodyrhapsodies,"
Subject: Proper Member Management & Campus-Wide Visibility for Rhody Rhapsodies (URI STUDENT SENATE)

Hi there,

We're students here at URI and we've built **Bonded**, a campus-exclusive network designed specifically for student organizations like Rhody Rhapsodies (URI STUDENT SENATE).

We noticed that managing members and getting the word out about events across campus can be a challenge. With Bonded, you can:
- **Properly manage your members** in one dedicated space.
- **Sync your calendar and setup events** that are visible to the entire school in one centralized place.
- **Increase engagement** with students who are actually looking for organizations like yours.

We'd love to set up a quick meeting to show you how Rhody Rhapsodies (URI STUDENT SENATE) can benefit from being on Bonded.

Best,
The Bonded Team (URI Students)
https://getbonded.app (Example Link)
"
"Women in Finance",deborah_imondi@uri.edu,https://urinvolved.uri.edu/organization/wif,"
Subject: Proper Member Management & Campus-Wide Visibility for Women in Finance

Hi there,

We're students here at URI and we've built **Bonded**, a campus-exclusive network designed specifically for student organizations like Women in Finance.

We noticed that managing members and getting the word out about events across campus can be a challenge. With Bonded, you can:
- **Properly manage your members** in one dedicated space.
- **Sync your calendar and setup events** that are visible to the entire school in one centralized place.
- **Increase engagement** with students who are actually looking for organizations like yours.

We'd love to set up a quick meeting to show you how Women in Finance can benefit from being on Bonded.

Best,
The Bonded Team (URI Students)
https://getbonded.app (Example Link)
"
"URI Fencing (URI STUDENT SENATE)",fencing@rhodysenate.org,https://urinvolved.uri.edu/organization/fencing,"
Subject: Proper Member Management & Campus-Wide Visibility for URI Fencing (URI STUDENT SENATE)

Hi there,

We're students here at URI and we've built **Bonded**, a campus-exclusive network designed specifically for student organizations like URI Fencing (URI STUDENT SENATE).

We noticed that managing members and getting the word out about events across campus can be a challenge. With Bonded, you can:
- **Properly manage your members** in one dedicated space.
- **Sync your calendar and setup events** that are visible to the entire school in one centralized place.
- **Increase engagement** with students who are actually looking for organizations like yours.

We'd love to set up a quick meeting to show you how URI Fencing (URI STUDENT SENATE) can benefit from being on Bonded.

Best,
The Bonded Team (URI Students)
https://getbonded.app (Example Link)
"
"NMDP Chapter of URI",lchatragadda@uri.edu,https://urinvolved.uri.edu/organization/nmdp,"
Subject: Proper Member Management & Campus-Wide Visibility for NMDP Chapter of URI

Hi there,

We're students here at URI and we've built **Bonded**, a campus-exclusive network designed specifically for student organizations like NMDP Chapter of URI.

We noticed that managing members and getting the word out about events across campus can be a challenge. With Bonded, you can:
- **Properly manage your members** in one dedicated space.
- **Sync your calendar and setup events** that are visible to the entire school in one centralized place.
- **Increase engagement** with students who are actually looking for organizations like yours.

We'd love to set up a quick meeting to show you how NMDP Chapter of URI can benefit from being on Bonded.

Best,
The Bonded Team (URI Students)
https://getbonded.app (Example Link)
"
"Office of Fellowships@URI",keegan.scott@uri.edu,https://urinvolved.uri.edu/organization/fellowships,"
Subject: Proper Member Management & Campus-Wide Visibility for Office of Fellowships@URI

Hi there,

We're students here at URI and we've built **Bonded**, a campus-exclusive network designed specifically for student organizations like Office of Fellowships@URI.

We noticed that managing members and getting the word out about events across campus can be a challenge. With Bonded, you can:
- **Properly manage your members** in one dedicated space.
- **Sync your calendar and setup events** that are visible to the entire school in one centralized place.
- **Increase engagement** with students who are actually looking for organizations like yours.

We'd love to set up a quick meeting to show you how Office of Fellowships@URI can benefit from being on Bonded.

Best,
The Bonded Team (URI Students)
https://getbonded.app (Example Link)
"
"Office of New Student Transitions",rhode2ram@uri.edu,https://urinvolved.uri.edu/organization/new-student-transitions,"
Subject: Proper Member Management & Campus-Wide Visibility for Office of New Student Transitions

Hi there,

We're students here at URI and we've built **Bonded**, a campus-exclusive network designed specifically for student organizations like Office of New Student Transitions.

We noticed that managing members and getting the word out about events across campus can be a challenge. With Bonded, you can:
- **Properly manage your members** in one dedicated space.
- **Sync your calendar and setup events** that are visible to the entire school in one centralized place.
- **Increase engagement** with students who are actually looking for organizations like yours.

We'd love to set up a quick meeting to show you how Office of New Student Transitions can benefit from being on Bonded.

Best,
The Bonded Team (URI Students)
https://getbonded.app (Example Link)
"
"URI ROTC CRAMERS SABERS BATTALION",urirotc@etal.uri.edu,https://urinvolved.uri.edu/organization/rotc,"
Subject: Proper Member Management & Campus-Wide Visibility for URI ROTC CRAMERS SABERS BATTALION

Hi there,

We're students here at URI and we've built **Bonded**, a campus-exclusive network designed specifically for student organizations like URI ROTC CRAMERS SABERS BATTALION.

We noticed that managing members and getting the word out about events across campus can be a challenge. With Bonded, you can:
- **Properly manage your members** in one dedicated space.
- **Sync your calendar and setup events** that are visible to the entire school in one centralized place.
- **Increase engagement** with students who are actually looking for organizations like yours.

We'd love to set up a quick meeting to show you how URI ROTC CRAMERS SABERS BATTALION can benefit from being on Bonded.

Best,
The Bonded Team (URI Students)
https://getbonded.app (Example Link)
"
"URI Library Innovation Labs",bryan_smith@uri.edu,https://urinvolved.uri.edu/organization/innovation,"
Subject: Proper Member Management & Campus-Wide Visibility for URI Library Innovation Labs

Hi there,

We're students here at URI and we've built **Bonded**, a campus-exclusive network designed specifically for student organizations like URI Library Innovation Labs.

We noticed that managing members and getting the word out about events across campus can be a challenge. With Bonded, you can:
- **Properly manage your members** in one dedicated space.
- **Sync your calendar and setup events** that are visible to the entire school in one centralized place.
- **Increase engagement** with students who are actually looking for organizations like yours.

We'd love to set up a quick meeting to show you how URI Library Innovation Labs can benefit from being on Bonded.

Best,
The Bonded Team (URI Students)
https://getbonded.app (Example Link)
"
"Office of International Education & National Student Exchange",oie@uri.edu,https://urinvolved.uri.edu/organization/oie,"
Subject: Proper Member Management & Campus-Wide Visibility for Office of International Education & National Student Exchange

Hi there,

We're students here at URI and we've built **Bonded**, a campus-exclusive network designed specifically for student organizations like Office of International Education & National Student Exchange.

We noticed that managing members and getting the word out about events across campus can be a challenge. With Bonded, you can:
- **Properly manage your members** in one dedicated space.
- **Sync your calendar and setup events** that are visible to the entire school in one centralized place.
- **Increase engagement** with students who are actually looking for organizations like yours.

We'd love to set up a quick meeting to show you how Office of International Education & National Student Exchange can benefit from being on Bonded.

Best,
The Bonded Team (URI Students)
https://getbonded.app (Example Link)
"
"Health Services",jessica.greene@uri.edu,https://urinvolved.uri.edu/organization/health-services,"
Subject: Proper Member Management & Campus-Wide Visibility for Health Services

Hi there,

We're students here at URI and we've built **Bonded**, a campus-exclusive network designed specifically for student organizations like Health Services.

We noticed that managing members and getting the word out about events across campus can be a challenge. With Bonded, you can:
- **Properly manage your members** in one dedicated space.
- **Sync your calendar and setup events** that are visible to the entire school in one centralized place.
- **Increase engagement** with students who are actually looking for organizations like yours.

We'd love to set up a quick meeting to show you how Health Services can benefit from being on Bonded.

Best,
The Bonded Team (URI Students)
https://getbonded.app (Example Link)
"
"Transfer Success Services",rooney@uri.edu,https://urinvolved.uri.edu/organization/transferresourcecenter,"
Subject: Proper Member Management & Campus-Wide Visibility for Transfer Success Services

Hi there,

We're students here at URI and we've built **Bonded**, a campus-exclusive network designed specifically for student organizations like Transfer Success Services.

We noticed that managing members and getting the word out about events across campus can be a challenge. With Bonded, you can:
- **Properly manage your members** in one dedicated space.
- **Sync your calendar and setup events** that are visible to the entire school in one centralized place.
- **Increase engagement** with students who are actually looking for organizations like yours.

We'd love to set up a quick meeting to show you how Transfer Success Services can benefit from being on Bonded.

Best,
The Bonded Team (URI Students)
https://getbonded.app (Example Link)
"
"URI Disc Golf Club",andrew_baccari@my.uri.edu,https://urinvolved.uri.edu/organization/discgolf,"
Subject: Proper Member Management & Campus-Wide Visibility for URI Disc Golf Club

Hi there,

We're students here at URI and we've built **Bonded**, a campus-exclusive network designed specifically for student organizations like URI Disc Golf Club.

We noticed that managing members and getting the word out about events across campus can be a challenge. With Bonded, you can:
- **Properly manage your members** in one dedicated space.
- **Sync your calendar and setup events** that are visible to the entire school in one centralized place.
- **Increase engagement** with students who are actually looking for organizations like yours.

We'd love to set up a quick meeting to show you how URI Disc Golf Club can benefit from being on Bonded.

Best,
The Bonded Team (URI Students)
https://getbonded.app (Example Link)
"
"Pre-Physician Assistant Club (URI STUDENT SENATE)",paclub@rhodysenate.org,https://urinvolved.uri.edu/organization/pre-paclub,"
Subject: Proper Member Management & Campus-Wide Visibility for Pre-Physician Assistant Club (URI STUDENT SENATE)

Hi there,

We're students here at URI and we've built **Bonded**, a campus-exclusive network designed specifically for student organizations like Pre-Physician Assistant Club (URI STUDENT SENATE).

We noticed that managing members and getting the word out about events across campus can be a challenge. With Bonded, you can:
- **Properly manage your members** in one dedicated space.
- **Sync your calendar and setup events** that are visible to the entire school in one centralized place.
- **Increase engagement** with students who are actually looking for organizations like yours.

We'd love to set up a quick meeting to show you how Pre-Physician Assistant Club (URI STUDENT SENATE) can benefit from being on Bonded.

Best,
The Bonded Team (URI Students)
https://getbonded.app (Example Link)
"
"Rhody Drag and Makeup Club (URI STUDENT SENATE)",rhodydragmakeup@rhodysenate.org,https://urinvolved.uri.edu/organization/rhodydragmakeup,"
Subject: Proper Member Management & Campus-Wide Visibility for Rhody Drag and Makeup Club (URI STUDENT SENATE)

Hi there,

We're students here at URI and we've built **Bonded**, a campus-exclusive network designed specifically for student organizations like Rhody Drag and Makeup Club (URI STUDENT SENATE).

We noticed that managing members and getting the word out about events across campus can be a challenge. With Bonded, you can:
- **Properly manage your members** in one dedicated space.
- **Sync your calendar and setup events** that are visible to the entire school in one centralized place.
- **Increase engagement** with students who are actually looking for organizations like yours.

We'd love to set up a quick meeting to show you how Rhody Drag and Makeup Club (URI STUDENT SENATE) can benefit from being on Bonded.

Best,
The Bonded Team (URI Students)
https://getbonded.app (Example Link)
"
"Rhody Ridiculousness (URI STUDENT SENATE)",Rhodyridiculousness@rhodysenate.org,https://urinvolved.uri.edu/organization/rhodyridiculousness,"
Subject: Proper Member Management & Campus-Wide Visibility for Rhody Ridiculousness (URI STUDENT SENATE)

Hi there,

We're students here at URI and we've built **Bonded**, a campus-exclusive network designed specifically for student organizations like Rhody Ridiculousness (URI STUDENT SENATE).

We noticed that managing members and getting the word out about events across campus can be a challenge. With Bonded, you can:
- **Properly manage your members** in one dedicated space.
- **Sync your calendar and setup events** that are visible to the entire school in one centralized place.
- **Increase engagement** with students who are actually looking for organizations like yours.

We'd love to set up a quick meeting to show you how Rhody Ridiculousness (URI STUDENT SENATE) can benefit from being on Bonded.

Best,
The Bonded Team (URI Students)
https://getbonded.app (Example Link)
"
"Sankofa Christian Ministry (URI STUDENT SENATE)",studentsenate@etal.uri.edu,https://urinvolved.uri.edu/organization/sankofa,"
Subject: Proper Member Management & Campus-Wide Visibility for Sankofa Christian Ministry (URI STUDENT SENATE)

Hi there,

We're students here at URI and we've built **Bonded**, a campus-exclusive network designed specifically for student organizations like Sankofa Christian Ministry (URI STUDENT SENATE).

We noticed that managing members and getting the word out about events across campus can be a challenge. With Bonded, you can:
- **Properly manage your members** in one dedicated space.
- **Sync your calendar and setup events** that are visible to the entire school in one centralized place.
- **Increase engagement** with students who are actually looking for organizations like yours.

We'd love to set up a quick meeting to show you how Sankofa Christian Ministry (URI STUDENT SENATE) can benefit from being on Bonded.

Best,
The Bonded Team (URI Students)
https://getbonded.app (Example Link)
"
"Sojourn Collegiate Ministry (URI STUDENT SENATE)",trevor_leduc@uri.edu,https://urinvolved.uri.edu/organization/sojourn,"
Subject: Proper Member Management & Campus-Wide Visibility for Sojourn Collegiate Ministry (URI STUDENT SENATE)

Hi there,

We're students here at URI and we've built **Bonded**, a campus-exclusive network designed specifically for student organizations like Sojourn Collegiate Ministry (URI STUDENT SENATE).

We noticed that managing members and getting the word out about events across campus can be a challenge. With Bonded, you can:
- **Properly manage your members** in one dedicated space.
- **Sync your calendar and setup events** that are visible to the entire school in one centralized place.
- **Increase engagement** with students who are actually looking for organizations like yours.

We'd love to set up a quick meeting to show you how Sojourn Collegiate Ministry (URI STUDENT SENATE) can benefit from being on Bonded.

Best,
The Bonded Team (URI Students)
https://getbonded.app (Example Link)
"
"Student Action for Sustainability (URI STUDENT SENATE)",sas@rhodysenate.org,https://urinvolved.uri.edu/organization/sas,"
Subject: Proper Member Management & Campus-Wide Visibility for Student Action for Sustainability (URI STUDENT SENATE)

Hi there,

We're students here at URI and we've built **Bonded**, a campus-exclusive network designed specifically for student organizations like Student Action for Sustainability (URI STUDENT SENATE).

We noticed that managing members and getting the word out about events across campus can be a challenge. With Bonded, you can:
- **Properly manage your members** in one dedicated space.
- **Sync your calendar and setup events** that are visible to the entire school in one centralized place.
- **Increase engagement** with students who are actually looking for organizations like yours.

We'd love to set up a quick meeting to show you how Student Action for Sustainability (URI STUDENT SENATE) can benefit from being on Bonded.

Best,
The Bonded Team (URI Students)
https://getbonded.app (Example Link)
"
"Exercise Is Medicine On Campus (URI STUDENT SENATE)",exerciseismedicine@rhodysenate.org,https://urinvolved.uri.edu/organization/exerciseismedicine,"
Subject: Proper Member Management & Campus-Wide Visibility for Exercise Is Medicine On Campus (URI STUDENT SENATE)

Hi there,

We're students here at URI and we've built **Bonded**, a campus-exclusive network designed specifically for student organizations like Exercise Is Medicine On Campus (URI STUDENT SENATE).

We noticed that managing members and getting the word out about events across campus can be a challenge. With Bonded, you can:
- **Properly manage your members** in one dedicated space.
- **Sync your calendar and setup events** that are visible to the entire school in one centralized place.
- **Increase engagement** with students who are actually looking for organizations like yours.

We'd love to set up a quick meeting to show you how Exercise Is Medicine On Campus (URI STUDENT SENATE) can benefit from being on Bonded.

Best,
The Bonded Team (URI Students)
https://getbonded.app (Example Link)
"
"Muslim Student Association (URI STUDENT SENATE)",Msa@rhodysenate.org,https://urinvolved.uri.edu/organization/msa,"
Subject: Proper Member Management & Campus-Wide Visibility for Muslim Student Association (URI STUDENT SENATE)

Hi there,

We're students here at URI and we've built **Bonded**, a campus-exclusive network designed specifically for student organizations like Muslim Student Association (URI STUDENT SENATE).

We noticed that managing members and getting the word out about events across campus can be a challenge. With Bonded, you can:
- **Properly manage your members** in one dedicated space.
- **Sync your calendar and setup events** that are visible to the entire school in one centralized place.
- **Increase engagement** with students who are actually looking for organizations like yours.

We'd love to set up a quick meeting to show you how Muslim Student Association (URI STUDENT SENATE) can benefit from being on Bonded.

Best,
The Bonded Team (URI Students)
https://getbonded.app (Example Link)
"
"Billiards Club (URI STUDENT SENATE)",billiards@rhodysenate.org,https://urinvolved.uri.edu/organization/billiards-club,"
Subject: Proper Member Management & Campus-Wide Visibility for Billiards Club (URI STUDENT SENATE)

Hi there,

We're students here at URI and we've built **Bonded**, a campus-exclusive network designed specifically for student organizations like Billiards Club (URI STUDENT SENATE).

We noticed that managing members and getting the word out about events across campus can be a challenge. With Bonded, you can:
- **Properly manage your members** in one dedicated space.
- **Sync your calendar and setup events** that are visible to the entire school in one centralized place.
- **Increase engagement** with students who are actually looking for organizations like yours.

We'd love to set up a quick meeting to show you how Billiards Club (URI STUDENT SENATE) can benefit from being on Bonded.

Best,
The Bonded Team (URI Students)
https://getbonded.app (Example Link)
"
"URI Mindful",rachellev@uri.edu,https://urinvolved.uri.edu/organization/mindful,"
Subject: Proper Member Management & Campus-Wide Visibility for URI Mindful

Hi there,

We're students here at URI and we've built **Bonded**, a campus-exclusive network designed specifically for student organizations like URI Mindful.

We noticed that managing members and getting the word out about events across campus can be a challenge. With Bonded, you can:
- **Properly manage your members** in one dedicated space.
- **Sync your calendar and setup events** that are visible to the entire school in one centralized place.
- **Increase engagement** with students who are actually looking for organizations like yours.

We'd love to set up a quick meeting to show you how URI Mindful can benefit from being on Bonded.

Best,
The Bonded Team (URI Students)
https://getbonded.app (Example Link)
"
"International Business Club",intbusinessuri@gmail.com,https://urinvolved.uri.edu/organization/ibc,"
Subject: Proper Member Management & Campus-Wide Visibility for International Business Club

Hi there,

We're students here at URI and we've built **Bonded**, a campus-exclusive network designed specifically for student organizations like International Business Club.

We noticed that managing members and getting the word out about events across campus can be a challenge. With Bonded, you can:
- **Properly manage your members** in one dedicated space.
- **Sync your calendar and setup events** that are visible to the entire school in one centralized place.
- **Increase engagement** with students who are actually looking for organizations like yours.

We'd love to set up a quick meeting to show you how International Business Club can benefit from being on Bonded.

Best,
The Bonded Team (URI Students)
https://getbonded.app (Example Link)
"
"Influence Campus Ministry",influence@rhodysenate.org,https://urinvolved.uri.edu/organization/influence,"
Subject: Proper Member Management & Campus-Wide Visibility for Influence Campus Ministry

Hi there,

We're students here at URI and we've built **Bonded**, a campus-exclusive network designed specifically for student organizations like Influence Campus Ministry.

We noticed that managing members and getting the word out about events across campus can be a challenge. With Bonded, you can:
- **Properly manage your members** in one dedicated space.
- **Sync your calendar and setup events** that are visible to the entire school in one centralized place.
- **Increase engagement** with students who are actually looking for organizations like yours.

We'd love to set up a quick meeting to show you how Influence Campus Ministry can benefit from being on Bonded.

Best,
The Bonded Team (URI Students)
https://getbonded.app (Example Link)
"
"Women in STEM (URI STUDENT SENATE)",uriwomeninstem@gmail.com,https://urinvolved.uri.edu/organization/women-in-stem,"
Subject: Proper Member Management & Campus-Wide Visibility for Women in STEM (URI STUDENT SENATE)

Hi there,

We're students here at URI and we've built **Bonded**, a campus-exclusive network designed specifically for student organizations like Women in STEM (URI STUDENT SENATE).

We noticed that managing members and getting the word out about events across campus can be a challenge. With Bonded, you can:
- **Properly manage your members** in one dedicated space.
- **Sync your calendar and setup events** that are visible to the entire school in one centralized place.
- **Increase engagement** with students who are actually looking for organizations like yours.

We'd love to set up a quick meeting to show you how Women in STEM (URI STUDENT SENATE) can benefit from being on Bonded.

Best,
The Bonded Team (URI Students)
https://getbonded.app (Example Link)
"
"Tau Sigma",rooney@uri.edu,https://urinvolved.uri.edu/organization/tau-sigma,"
Subject: Proper Member Management & Campus-Wide Visibility for Tau Sigma

Hi there,

We're students here at URI and we've built **Bonded**, a campus-exclusive network designed specifically for student organizations like Tau Sigma.

We noticed that managing members and getting the word out about events across campus can be a challenge. With Bonded, you can:
- **Properly manage your members** in one dedicated space.
- **Sync your calendar and setup events** that are visible to the entire school in one centralized place.
- **Increase engagement** with students who are actually looking for organizations like yours.

We'd love to set up a quick meeting to show you how Tau Sigma can benefit from being on Bonded.

Best,
The Bonded Team (URI Students)
https://getbonded.app (Example Link)
"
"Rhody Stronger Together (URI STUDENT SENATE)",toriscali6@gmail.com,https://urinvolved.uri.edu/organization/rhodystrongertogether,"
Subject: Proper Member Management & Campus-Wide Visibility for Rhody Stronger Together (URI STUDENT SENATE)

Hi there,

We're students here at URI and we've built **Bonded**, a campus-exclusive network designed specifically for student organizations like Rhody Stronger Together (URI STUDENT SENATE).

We noticed that managing members and getting the word out about events across campus can be a challenge. With Bonded, you can:
- **Properly manage your members** in one dedicated space.
- **Sync your calendar and setup events** that are visible to the entire school in one centralized place.
- **Increase engagement** with students who are actually looking for organizations like yours.

We'd love to set up a quick meeting to show you how Rhody Stronger Together (URI STUDENT SENATE) can benefit from being on Bonded.

Best,
The Bonded Team (URI Students)
https://getbonded.app (Example Link)
"
